-- phpMyAdmin SQL Dump
-- version 5.1.0
-- https://www.phpmyadmin.net/
--
-- Host: 127.0.0.1
-- Generation Time: Oct 18, 2021 at 11:25 AM
-- Server version: 10.4.18-MariaDB
-- PHP Version: 8.0.3

SET SQL_MODE = "NO_AUTO_VALUE_ON_ZERO";
START TRANSACTION;
SET time_zone = "+00:00";


/*!40101 SET @OLD_CHARACTER_SET_CLIENT=@@CHARACTER_SET_CLIENT */;
/*!40101 SET @OLD_CHARACTER_SET_RESULTS=@@CHARACTER_SET_RESULTS */;
/*!40101 SET @OLD_COLLATION_CONNECTION=@@COLLATION_CONNECTION */;
/*!40101 SET NAMES utf8mb4 */;

--
-- Database: `techzzydb`
--

-- --------------------------------------------------------

--
-- Table structure for table `carts`
--

CREATE TABLE `carts` (
  `id` bigint(20) UNSIGNED NOT NULL,
  `user_id` bigint(20) NOT NULL,
  `created_at` timestamp NULL DEFAULT NULL,
  `updated_at` timestamp NULL DEFAULT NULL
) ENGINE=InnoDB DEFAULT CHARSET=utf8mb4 COLLATE=utf8mb4_unicode_ci;

--
-- Dumping data for table `carts`
--

INSERT INTO `carts` (`id`, `user_id`, `created_at`, `updated_at`) VALUES
(1, 1, '2021-10-08 00:20:17', '2021-10-08 00:20:23'),
(3, 13, '2021-10-12 23:44:05', '2021-10-12 23:44:05'),
(4, 14, '2021-10-12 23:52:21', '2021-10-12 23:52:21');

-- --------------------------------------------------------

--
-- Table structure for table `categories`
--

CREATE TABLE `categories` (
  `id` bigint(20) UNSIGNED NOT NULL,
  `name` varchar(100) COLLATE utf8mb4_unicode_ci NOT NULL,
  `created_at` timestamp NULL DEFAULT NULL,
  `updated_at` timestamp NULL DEFAULT NULL
) ENGINE=InnoDB DEFAULT CHARSET=utf8mb4 COLLATE=utf8mb4_unicode_ci;

--
-- Dumping data for table `categories`
--

INSERT INTO `categories` (`id`, `name`, `created_at`, `updated_at`) VALUES
(2, 'Mouse', '2021-07-31 12:17:56', '2021-07-31 12:17:56'),
(3, 'Monitor', '2021-07-31 12:17:56', '2021-07-31 12:17:56'),
(4, 'CPU', '2021-07-31 12:17:56', '2021-07-31 12:17:56'),
(5, 'GPU', '2021-07-31 12:17:56', '2021-07-31 12:17:56'),
(6, 'Printer', '2021-07-31 12:17:56', '2021-07-31 12:17:56'),
(7, 'PSU', '2021-07-31 12:17:56', '2021-07-31 12:17:56'),
(8, 'Cooler', '2021-07-31 12:17:56', '2021-07-31 12:17:56'),
(9, 'Motherboard', '2021-07-31 12:17:56', '2021-07-31 12:17:56'),
(10, 'Memory', '2021-07-31 12:17:56', '2021-07-31 12:17:56'),
(11, 'SSD', '2021-07-31 12:17:56', '2021-07-31 12:17:56');

-- --------------------------------------------------------

--
-- Table structure for table `comments`
--

CREATE TABLE `comments` (
  `id` bigint(20) UNSIGNED NOT NULL,
  `user_id` bigint(20) UNSIGNED NOT NULL,
  `product_id` bigint(20) UNSIGNED NOT NULL,
  `body` varchar(5000) COLLATE utf8mb4_unicode_ci NOT NULL,
  `created_at` timestamp NULL DEFAULT NULL,
  `updated_at` timestamp NULL DEFAULT NULL
) ENGINE=InnoDB DEFAULT CHARSET=utf8mb4 COLLATE=utf8mb4_unicode_ci;

--
-- Dumping data for table `comments`
--

INSERT INTO `comments` (`id`, `user_id`, `product_id`, `body`, `created_at`, `updated_at`) VALUES
(1, 5, 6, 'Amet et ea impedit omnis in sed. Reiciendis est atque doloribus et nihil aspernatur mollitia. Sint et sed placeat voluptas enim. Assumenda adipisci suscipit velit qui nulla ipsa. Eaque quae nulla consequatur perferendis omnis qui alias ratione. Consequatur doloremque quasi vero quis autem. Velit nisi perferendis delectus nemo sapiente ut. Maxime voluptatibus nihil consequatur unde. Necessitatibus illum voluptatem voluptatem voluptatem et omnis in eum. Omnis ex omnis exercitationem ipsam deserunt ratione. Atque qui nihil voluptate velit adipisci error nostrum. Rem laudantium ullam consequatur quae consequatur. Dolores labore non rerum voluptates. Provident optio sit consequuntur. Aliquam autem qui occaecati iusto amet ea nemo. Repellat vitae eveniet delectus qui quia dolore. Aspernatur iusto iste libero.', '2021-09-30 16:29:10', '2021-09-30 16:29:10'),
(2, 5, 51, 'Praesentium qui blanditiis et nisi placeat suscipit. Minus soluta dignissimos quas impedit dolorem impedit. Fuga fuga molestiae sapiente sed et minima dicta. Sed minima qui modi quia. Praesentium porro at accusantium eaque debitis labore. Sint labore quis voluptas vel quam dolores dolorum. Aliquid consequatur nemo odit aut molestiae ducimus. Voluptatem dolores aliquid et debitis sed. Eligendi consectetur similique explicabo error odit. Omnis ratione et eveniet in quia perspiciatis. Nisi perspiciatis dolorum et omnis consectetur. Doloremque qui reprehenderit ut eos rerum possimus porro. Consequatur cupiditate consectetur aut. Adipisci omnis architecto dolor et illum vel unde. Praesentium et qui eaque repellendus id et et. Sit labore odio in. Unde velit voluptatum est veritatis rerum. Perspiciatis excepturi aliquam blanditiis minus. Iste aut architecto a beatae veritatis sit. Blanditiis omnis asperiores quia accusamus non.', '2021-09-30 16:29:10', '2021-09-30 16:29:10'),
(3, 2, 53, 'In ut dolorem debitis dolorem est illum iste labore. Alias ratione quia omnis fuga optio. Sint deserunt qui accusantium porro. Aut id optio sapiente velit quos omnis. Officiis occaecati vel voluptatem cum reiciendis. Ad nihil accusamus iusto doloribus consequatur animi dicta aut. Id vero sequi ut rerum qui soluta ea ea. Autem consequatur porro iure. Officia molestiae eaque est omnis. Tenetur autem laudantium nihil qui molestias eos. Et minima sapiente enim voluptas. Aut facilis est deleniti ratione sed doloremque. Consectetur eum odio nisi sed at nam veritatis. Eos perferendis eligendi sunt sapiente necessitatibus inventore. Commodi ut non quia quo laborum necessitatibus. Dicta eveniet officiis minus recusandae qui omnis animi aspernatur. Adipisci tempora impedit assumenda modi ex magni. Saepe quibusdam quo reiciendis sunt aut qui nihil. Vel sit natus quis qui. Omnis laborum animi distinctio corporis error enim voluptatem. Ratione fugiat et quos expedita est aut.', '2021-09-30 16:29:10', '2021-09-30 16:29:10'),
(4, 7, 2, 'Facilis nihil totam deleniti dolores rerum. Expedita eum facere rerum laborum. Quod non perspiciatis possimus impedit sapiente quae. Eos ut dolor qui non in quo. Quisquam dolores explicabo repellendus et sequi. Distinctio dolorum placeat qui quia sit autem. Pariatur cumque culpa natus omnis cupiditate ut a. Sit a molestiae et amet id eos. Dicta harum eos sapiente sit repudiandae nulla. Fugiat est dolor occaecati excepturi. In consequatur occaecati voluptatum itaque et expedita quibusdam. Eaque aut earum quo aliquid. Dolorum sit tenetur consequatur. Omnis aut rerum adipisci saepe est. Et dicta commodi ullam voluptatum eum harum. Adipisci sunt illum ab et. Dolor et aut eveniet quam quis culpa sed. Et libero laborum quasi et ea sequi nihil. Qui omnis cupiditate aspernatur possimus ipsam. Non vel ducimus dolorem.', '2021-09-30 16:29:10', '2021-09-30 16:29:10'),
(5, 8, 35, 'Ipsa corporis quo quaerat saepe recusandae ratione placeat. Unde debitis in mollitia odio est eligendi rerum. Voluptas mollitia ex soluta libero saepe dolores facilis sunt. Ipsam qui dolorem omnis beatae enim sit. Accusantium praesentium ducimus non sint ea voluptates veritatis. Porro deserunt illo itaque in nam quia. Dicta architecto et doloribus voluptas nemo. Quia reprehenderit eveniet ab quod occaecati et. Ea qui ipsa qui molestiae qui. Maxime delectus esse iste nostrum. Et asperiores aut laboriosam nam natus repellat. Omnis eum atque exercitationem doloribus. Sequi repudiandae provident sunt illo officiis. Est explicabo autem quisquam voluptatibus est labore. Nemo minus omnis voluptatem aut perspiciatis voluptatem labore. Ea veniam repellat perferendis unde. Cum consequuntur sit quis dolores sapiente quod numquam est. Eius porro odio vel totam animi.', '2021-09-30 16:29:10', '2021-09-30 16:29:10'),
(6, 4, 60, 'Et reiciendis officia praesentium aut harum asperiores. Natus molestias est magni consectetur quis rem autem. Sint quibusdam et excepturi delectus. Voluptas qui sit nemo eaque ut libero. Unde cupiditate molestiae a quo nesciunt eius enim. Illo ea rerum possimus quasi beatae assumenda voluptatem. Cupiditate aut quaerat laborum sunt ipsum. Eos accusantium dolorem culpa et sit veniam aut. Voluptas dolorum dolores similique vel. Quo non tempore eligendi explicabo. Quasi sint dolorem quo voluptates molestias aut illo. Officia placeat est esse inventore asperiores eos. Recusandae ut veritatis rerum incidunt. Qui impedit architecto incidunt quo. Omnis mollitia est hic dolores. Doloribus deleniti et mollitia quos saepe sapiente quo. Minima sed aut provident quibusdam. Libero consectetur esse nulla reiciendis maiores. Similique facere et voluptatem dolorem error modi minima.', '2021-09-30 16:29:10', '2021-09-30 16:29:10'),
(7, 6, 56, 'Sequi odio maiores dolorem itaque dolores nam. Asperiores odit nisi ut corporis. Esse aliquid quibusdam cumque et incidunt. Mollitia qui facere totam nobis. Non voluptas mollitia sed est aspernatur ipsum molestiae. Beatae doloribus consequuntur sint eum. Modi quaerat necessitatibus pariatur voluptatum consequuntur. Culpa rerum quaerat atque pariatur error adipisci maxime. Iusto quam distinctio mollitia mollitia expedita est assumenda. Facere officia nemo aut qui. Nihil enim adipisci amet repellat asperiores nihil eius eos. Consectetur itaque consectetur error neque unde qui. Et et molestiae officia adipisci ex facere libero earum. Nihil nisi praesentium ipsam qui magni. Maxime aut similique quaerat. Qui dolorum natus et voluptates reiciendis alias quae. Maiores ducimus nesciunt ipsum amet et odio eum accusantium. Laborum dolorem et velit. Ipsa aut neque sapiente quibusdam ea ipsam.', '2021-09-30 16:29:10', '2021-09-30 16:29:10'),
(8, 4, 17, 'Aperiam nisi illum consequatur voluptas aspernatur qui. Rerum facere fugiat accusantium rerum placeat ratione quia. Sunt vitae aut ut quas eius atque occaecati. Culpa recusandae laborum autem cumque nemo. Et fugit quidem totam. Molestiae nihil quidem possimus cum. Qui rem quidem laboriosam impedit rem in ut. Dolorem qui quis tenetur tenetur. Quae aut autem dolores aut blanditiis. Nostrum assumenda ducimus laboriosam maiores eum dolore. Sequi et unde quae aut sint. Qui et est magnam. Vel facilis id doloribus voluptatem. Quisquam quo eos accusantium vel. Molestiae quia iusto vero magni perspiciatis itaque ad. Est est repellendus molestiae consequuntur cum. Nam ipsam quia fugit et et. Occaecati voluptates iste dolorem quidem nihil. Qui sit aut ex suscipit magnam. Modi soluta in non voluptas enim cupiditate suscipit soluta. Dolorem deleniti autem et voluptatibus consequatur ducimus. Dolores quo doloremque qui ipsam. Qui omnis dolorum ut debitis animi.', '2021-09-30 16:29:10', '2021-09-30 16:29:10'),
(9, 7, 23, 'Quae perspiciatis praesentium sit odio dolores. Aliquid eum in enim in id enim. Maiores repellendus nemo deleniti quam. Quas est blanditiis necessitatibus tenetur veniam et et. Ut autem quasi quibusdam illum eos. Et eum facilis eos assumenda. Quia cupiditate nobis repudiandae suscipit. Voluptas sint molestias distinctio assumenda. Vel veritatis totam aut rerum ullam occaecati ad sed. Possimus cum omnis doloribus ratione voluptates mollitia aperiam. Quasi aut voluptatem impedit sunt. Autem est iusto soluta error. Iusto rerum sunt sit saepe quia debitis optio. Nesciunt doloremque voluptas iusto et architecto tenetur. Nam possimus quis excepturi ab. Quia sit asperiores debitis modi laudantium et exercitationem. Repellendus repellendus nam repellendus quisquam nihil consequatur facere. Ab vel distinctio voluptas. Ipsa sit illum quidem tempore. Excepturi non et minus iste reiciendis dolore quis. Rerum quas aut harum exercitationem reiciendis aspernatur.', '2021-09-30 16:29:10', '2021-09-30 16:29:10'),
(10, 9, 40, 'Quo maiores officiis impedit. Soluta quia debitis quo et molestiae sunt dolorum ut. Natus iusto consectetur quos nihil consequuntur. Sit sapiente a rem ut enim tenetur omnis iusto. Quia in id non et. In dolorem aliquam quia est tempora aliquam quod. Nemo minima odio ad corrupti dignissimos. Quod autem modi fugit omnis et. Molestiae ut voluptatem sunt iusto enim. Doloribus ad et debitis consequuntur aut. At sunt aut voluptatum voluptas enim. Nostrum tempora culpa ratione quaerat error. Dolor est velit deserunt voluptates nesciunt consequatur debitis. Debitis aliquam ratione deleniti quisquam ipsa adipisci qui. Quasi eaque eveniet laborum accusamus. Laborum quis ut voluptas quas corrupti. Corrupti qui aut in atque voluptas. Ab autem magni dolor inventore et ipsum dolorem. Mollitia nesciunt magnam rerum possimus velit cum. Iste et beatae quibusdam esse perferendis. Laboriosam qui dolor fugit nobis magni et.', '2021-09-30 16:29:10', '2021-09-30 16:29:10'),
(11, 3, 47, 'Eos esse voluptas assumenda aliquam est quia. Eveniet id beatae iste quis et nemo. Officia odit quaerat vel magnam. Inventore ea eum fuga. Est rerum autem est qui perferendis. Magnam sequi voluptatum saepe fugiat possimus. Praesentium cum aut saepe numquam nihil. Omnis quas laborum voluptatem quas. Iusto soluta omnis quo aliquam reprehenderit. Enim aliquam maxime doloremque doloribus. Quis nesciunt cum delectus modi. Architecto sit velit assumenda possimus ipsa voluptas. Placeat dolore quidem incidunt reprehenderit. Velit molestiae est earum et officia ea tempora quaerat. Recusandae officia rerum expedita adipisci temporibus. Omnis et qui quae ut. Quasi vel aut veritatis a consequatur. Ab qui nisi voluptas. Nostrum earum et sit qui eum repudiandae. Perspiciatis porro quaerat tempore molestias minima veniam voluptatem harum. Facilis repellat voluptatibus quis fugit et ea. Rem dolorem vitae tempore ipsum. Ut ex molestias doloribus et possimus et eligendi.', '2021-09-30 16:29:43', '2021-09-30 16:29:43'),
(12, 6, 3, 'Esse ut ex veniam mollitia hic cumque. Aut sit velit sit. Illum reprehenderit vel neque quia voluptatem. Aliquam aliquam mollitia fugiat et. Deserunt perspiciatis vel et tempora voluptatem quia qui. Dignissimos laboriosam nihil optio quos. Asperiores asperiores sed dolores dolores doloribus eos. Aliquid dolore vel suscipit perspiciatis molestiae. Ex est molestiae labore eligendi. Temporibus laboriosam sequi beatae ut. Dolorem explicabo in culpa qui. Qui modi et exercitationem qui provident consequuntur. Omnis omnis aliquam ut omnis placeat eligendi. Sit aliquam qui ex autem sit illum. In aut enim aut. At quo dolorum odio minima numquam fugit est. Hic est mollitia aliquam accusamus modi ab. Deserunt consequuntur nam modi repellendus. Error officia iusto ratione temporibus mollitia. Facilis molestias sint quam placeat doloribus ratione debitis. Nemo ut eius voluptates possimus iure iure.', '2021-09-30 16:29:43', '2021-09-30 16:29:43'),
(13, 10, 19, 'Rerum sequi rerum officia. Autem exercitationem qui iste ipsam. Assumenda et harum voluptates et sed sapiente unde. Sed atque voluptate atque fugiat. Nobis nostrum et maiores aut error quia. Suscipit aut corrupti quia beatae. Commodi nemo nobis at corrupti. Saepe aspernatur quia et dolor quia cumque sequi. Quo sed ipsum ab eum autem voluptatem in magni. Voluptatem id aliquid omnis laboriosam amet perferendis consequatur. Inventore minima possimus sint voluptatem ipsa. Rerum et ut voluptatem vitae rerum illum voluptatibus hic. Tempora cupiditate modi voluptas deserunt asperiores. Vel fugit incidunt et exercitationem. Quis amet similique ratione sunt et beatae nobis. Omnis rem omnis suscipit dolorem eius eligendi. Ut voluptate est molestiae modi. Aut nemo ut et ut maxime. Est est cum ipsum recusandae vero. Dolorum aut laborum tempora voluptatem est distinctio. Atque quos et temporibus sit veritatis ullam. Est et harum incidunt consequatur exercitationem.', '2021-09-30 16:29:43', '2021-09-30 16:29:43'),
(14, 5, 22, 'Debitis reprehenderit qui et molestiae nobis enim sed. Porro laborum officia delectus dignissimos provident. Et et qui nesciunt non in enim. Autem architecto reiciendis sit. Voluptatem autem quis non eos. Quam voluptatem rerum animi fugiat distinctio aliquid illo. Ut possimus accusamus nihil nulla rerum harum. Placeat praesentium nobis occaecati dolorem alias. Laborum ut saepe in a nostrum sequi accusamus. Ut laborum esse sint debitis consequatur et. Velit voluptatem id iusto fugiat. Animi dolorem ratione quaerat vel. Rerum et voluptatem laboriosam accusantium. Quia officiis doloremque qui repellendus consequuntur iure omnis. Unde sunt distinctio quam amet et. Doloribus rerum tenetur voluptatem et qui nulla ad. Ut velit quia autem doloremque odit harum ut. Omnis ipsum ea excepturi repudiandae esse. Illo autem facere nulla. Iste quis dolorum aperiam doloremque asperiores. Sit architecto omnis est itaque porro. Ipsam molestiae vel laborum nihil rerum eos quo. Natus nihil eos ut cumque.', '2021-09-30 16:29:43', '2021-09-30 16:29:43'),
(15, 3, 34, 'Unde porro consectetur consequatur rerum sunt beatae omnis. Qui fugit assumenda sapiente ea. Et consectetur ad expedita et. Accusamus quia ea et. Dolorem nostrum laudantium dolor qui vel. At ipsa officia natus eum accusantium. Voluptas quas quam sit expedita officia. A aut perferendis aperiam. Quia non facere dolorem ut modi atque quas. Iusto ut eos voluptatibus. Delectus delectus unde non non dolore. Ut ipsum et est suscipit aut fuga delectus. Quaerat sint maxime ut dolore omnis. Libero enim ducimus perspiciatis maiores accusantium dicta voluptatem. Eveniet illum quo nesciunt accusamus nesciunt. Perferendis perferendis molestiae nesciunt vero est quia. Magnam veritatis et ut est nemo consequuntur laudantium. Dignissimos soluta ut sit rerum. Impedit ducimus officiis quae nisi expedita sint assumenda sit. Est unde qui facere ipsum. Quis occaecati et est consequatur. Occaecati et provident dolorem. Quia quasi et quae provident eos qui reiciendis.', '2021-09-30 16:29:43', '2021-09-30 16:29:43'),
(16, 10, 39, 'Autem molestias est quis non earum. Expedita consequatur possimus praesentium et non earum ut magnam. Quidem debitis dolorum et omnis. Adipisci fugiat iusto cumque suscipit quaerat mollitia velit qui. Facere doloremque cum sit sequi et voluptas facilis. Assumenda qui laudantium provident ad ex. Quia tempore quisquam atque voluptate similique id sequi quas. Quos sint quia sapiente voluptatum doloremque et. Dolore enim ducimus et unde maiores nostrum. Earum consequatur accusamus consequatur quas reprehenderit possimus tempora. Fugit est eveniet saepe autem eum repudiandae. Voluptates non mollitia dolorem fugit quia. Itaque unde dolorem blanditiis animi et fugit. Sapiente ea similique doloribus quis quas. Error minus aut ex at velit in. Praesentium dolorem soluta temporibus libero. Qui cupiditate totam ut laborum. Animi dignissimos repellat hic quam.', '2021-09-30 16:29:43', '2021-09-30 16:29:43'),
(17, 2, 39, 'Illo delectus quia corporis porro ut. Expedita eveniet sed fuga numquam fugiat harum. Molestiae rem alias ab aspernatur aut sed consequatur necessitatibus. Rerum ab et incidunt ab nobis sit et ipsum. Quis et alias quibusdam sapiente sed expedita eum. Ipsum blanditiis repudiandae corrupti mollitia velit temporibus dolor tempora. Ad maiores fugiat voluptates incidunt ut sunt. Ut aut velit ut et cupiditate iure sit. Qui consequatur tenetur repellat perferendis nobis aperiam itaque. Et nobis veritatis nam et. Cum occaecati aliquam quidem aliquam quia autem asperiores. Laborum quia ut ea nostrum quis excepturi. Reprehenderit minima sed saepe culpa accusamus. Sit iste eveniet exercitationem rerum similique reiciendis debitis nisi. Adipisci et sint in dolore qui sint. Cumque magnam reprehenderit nihil voluptas error consequatur est.', '2021-09-30 16:29:43', '2021-09-30 16:29:43'),
(18, 7, 7, 'Ipsum veritatis eos molestiae tempora repellendus. Autem adipisci enim voluptatem. Totam dignissimos omnis omnis corporis illum dicta. Dolor quia cumque ut quisquam harum iure quidem. Corrupti architecto labore cum. Occaecati cum officia atque perspiciatis earum rerum. Ea sit placeat similique cum deserunt nostrum nesciunt sint. Accusantium rem iste nisi id molestias ipsam. Ipsum praesentium et harum ab eum odit molestiae. Doloremque perferendis praesentium repudiandae quia eius. Et at distinctio accusamus ipsum aut. Nulla accusamus vel aut cupiditate accusamus maiores suscipit. Laborum velit maiores rerum laudantium. Sed consequuntur eveniet rerum vitae veniam. In quibusdam accusamus ea enim est repudiandae. Molestias blanditiis libero facilis eaque eligendi nesciunt aut voluptatem. Et officiis et sit accusantium. Recusandae ipsum praesentium nemo dolor corporis. Recusandae quia voluptatem est tempora.', '2021-09-30 16:29:43', '2021-09-30 16:29:43'),
(19, 6, 30, 'Ut et quia molestias facere voluptatem doloribus. Temporibus ea necessitatibus delectus pariatur repellat. Mollitia alias delectus maiores dolorem accusamus saepe placeat. Exercitationem minima a delectus dolore est. Expedita qui totam et deserunt velit tempore. Minus ut eaque voluptatibus delectus. Eaque excepturi explicabo sit illum asperiores earum facilis et. Consequatur aut aut accusamus qui saepe. In harum veritatis et corrupti totam. Accusantium est quia voluptates alias. Consequatur sint earum et beatae eveniet. Quia fugiat nemo voluptas iste explicabo asperiores. Nam voluptas quas quod eos quia neque ab eum. Odit nostrum nam dolores harum ipsa. Voluptatum eum non et occaecati illum. Quidem itaque maxime voluptatum cum ut ducimus est. Eum sapiente velit ratione est cum debitis. Vel esse quasi fuga vel iusto. Aut ducimus beatae nulla. Id ut pariatur nam vel corporis error facilis. Reprehenderit esse dolorem et quidem quas nisi sunt.', '2021-09-30 16:29:43', '2021-09-30 16:29:43'),
(20, 2, 33, 'Perspiciatis eum excepturi velit sint vel soluta. Beatae ea suscipit vel quod eveniet eos inventore. Quis nisi quisquam hic explicabo iure rerum ratione. Quia perferendis ducimus quia et vitae totam quibusdam. Facere et sint repellat tempore. Sint temporibus commodi exercitationem sequi ipsam. Soluta magnam sunt molestias aut aut rerum. Iure culpa in in sunt eaque harum sequi doloribus. Consequatur occaecati asperiores harum et aspernatur. Ad minima minima iusto omnis natus temporibus molestiae. Atque nihil et quas veniam et. Qui ipsam reiciendis quaerat dolorum. Libero non ut consequatur voluptatem culpa. Quidem qui ex accusamus repudiandae. Eos at dolores illum sed harum sit. Tenetur omnis beatae et repellendus. Eos amet perspiciatis qui in vero. Vel possimus numquam qui et. Qui voluptatem doloribus labore quo quibusdam ad. Quibusdam aut qui incidunt voluptatem quae sequi.', '2021-09-30 16:29:43', '2021-09-30 16:29:43'),
(21, 9, 15, 'Consequuntur eum inventore rerum et. Tempora aperiam sunt qui et totam et. Excepturi laboriosam voluptas quaerat molestiae impedit. Ex voluptatem minus esse optio voluptas officiis. Inventore labore aut iure illo aut. Fugiat dolorum fuga tenetur aspernatur sunt molestias. Repellendus cumque molestiae est velit. In sit doloribus sed rerum. Recusandae molestiae ipsum quisquam at asperiores. Aut est quo est asperiores dolorum. Veritatis labore laboriosam velit voluptas quos. Sunt voluptas facere dolores. Neque non quae voluptatem illo libero culpa assumenda. Dolore aliquam rerum enim qui maiores a. Numquam autem ex ipsum doloribus aut aut. Non omnis sapiente reiciendis a voluptatibus est explicabo. Neque quas rem doloremque aperiam rerum ex aut. Commodi repellendus atque voluptates. Id repellendus dolor odio qui nostrum rerum. Esse velit corrupti explicabo necessitatibus.', '2021-09-30 16:29:43', '2021-09-30 16:29:43'),
(22, 10, 17, 'Ut quia est dolor inventore et eos aut. Consequatur vel optio iste officia. Iure itaque possimus debitis accusantium aperiam reiciendis eum molestias. Rerum deserunt cumque rerum et nihil qui modi. Blanditiis dolorum exercitationem ipsum et nesciunt ab eum itaque. Esse illum ipsa fugit nihil voluptatum explicabo sapiente. Earum vel et dolor error. Id non minima ut ad reprehenderit similique. Blanditiis dicta quod quis animi corporis sed aut molestias. Vel ut est molestiae et qui quis nemo a. Iste non et debitis iste incidunt. Quaerat et veniam tempore eos saepe. Enim enim sunt sed sit eligendi. Laboriosam saepe aperiam et distinctio. Distinctio qui nostrum voluptatem. Voluptas modi incidunt qui eos quisquam provident. Eveniet dolore non totam minima eaque. Et voluptas aperiam ex ab omnis quidem omnis corrupti. Quibusdam aut aut molestias perferendis molestias. Pariatur beatae ut voluptate voluptates rerum commodi ex. Dolores hic iure et natus non rerum.', '2021-09-30 16:29:43', '2021-09-30 16:29:43'),
(23, 4, 15, 'Aperiam omnis in illo ea rem dolores. Laboriosam qui deserunt vel. Id repellendus doloremque aut corporis excepturi quisquam. Consequatur distinctio et tempore molestias quis sed harum. Eius quidem laboriosam et temporibus a ut. Velit dignissimos veniam consectetur. Et a necessitatibus quisquam dicta et rerum. Non ipsam eum omnis alias ratione. Necessitatibus et ea delectus nihil voluptatem. Repellat autem at et sapiente quaerat dolores. Amet quae eligendi rem et ipsum praesentium et. Adipisci sunt veritatis facilis accusamus laboriosam. Totam illum eveniet qui suscipit magni eos. Modi quia provident ut omnis voluptatum ullam tempore. Quia qui ipsam occaecati sit consequuntur consequatur. Dolores rerum ipsam dolorem. Eos fuga consequatur velit maiores est quia. Aut ipsam et vitae tempore est quo occaecati. Assumenda molestias mollitia nostrum nisi. Modi et reprehenderit voluptas. Aperiam non eius aut qui esse.', '2021-09-30 16:29:43', '2021-09-30 16:29:43'),
(24, 10, 32, 'Qui blanditiis deserunt exercitationem blanditiis laboriosam. Quasi recusandae eius recusandae eos. Atque sint laboriosam incidunt aliquam. Quam minima repudiandae odit sint adipisci. Est et accusamus doloribus quasi. Dolorem recusandae eos rerum magni. Qui illo fugiat tenetur exercitationem aliquid sit. Reprehenderit sed enim saepe velit est. Autem aliquid quis est labore cupiditate quia. Ut quasi mollitia sint nulla ipsa earum laudantium. Omnis quis neque tempore maxime. Quae debitis quia non quasi vero sunt quam. Natus laborum natus eaque nesciunt maxime. Repellat error dolores quos veniam mollitia qui a ab. Sit ut exercitationem quisquam reprehenderit perspiciatis. Et sunt eum rem corrupti dolor sit amet. Nihil sit consequatur eveniet voluptate eaque alias. Hic ut amet repudiandae nisi corrupti aut. Possimus quas exercitationem eaque aut tempore. Itaque quae optio ad. In commodi perferendis quod.', '2021-09-30 16:29:43', '2021-09-30 16:29:43'),
(25, 3, 5, 'Blanditiis sint possimus ad dolorum cumque quaerat dolore delectus. Corporis nihil aut repellendus libero. Iste enim dolore blanditiis dolore asperiores optio. Voluptates quibusdam sit est eos. Harum ut quasi et ex. Qui architecto et possimus omnis aspernatur et voluptatem. Id nam est qui omnis. Numquam inventore sed ipsum ut id nihil perspiciatis eveniet. Sed perferendis quis corporis et animi sed. Sit illum delectus veniam aspernatur consectetur aut nesciunt et. Sed vitae culpa dicta blanditiis corporis et. Rem voluptate a delectus quae cum. Voluptatem quia vel dolores culpa nemo eum dolore. A nihil reiciendis ducimus a temporibus qui. Autem quos aperiam ratione repellendus ipsum vero laborum. Adipisci suscipit cum consequatur omnis. Occaecati commodi laborum facilis rerum soluta ea eum deleniti. Tenetur aliquam inventore corporis quos. Nesciunt consequatur ab quod consectetur et soluta vitae blanditiis. Repellat et fugit magni doloribus.', '2021-09-30 16:29:43', '2021-09-30 16:29:43'),
(26, 4, 60, 'Occaecati commodi quo voluptatem odio. Provident optio eum autem quibusdam laborum sequi provident qui. Consequatur ratione nihil provident sint aut ullam eaque. Doloribus deleniti id sit nostrum. Et modi et molestias eveniet sapiente aliquam sed. Est quasi minima ducimus sit est est saepe. Voluptas eos fugiat minima doloremque. Itaque praesentium aut sed quia ipsam. Autem esse enim officiis facere. Illum qui tempora sapiente odio. Quisquam explicabo pariatur nostrum voluptate quam. Et molestias at cum tempora aliquam. Deserunt et quo et quia suscipit ad aperiam. Quidem distinctio ut quia quisquam. Non ipsum quibusdam magnam ipsa fugit et. Corrupti harum velit est sit. Qui dolorem vel nihil eos dolores fugiat. Doloremque sint qui excepturi veniam et consequatur incidunt qui. Error cum provident quod omnis neque quis. Voluptatibus illum similique nihil sed mollitia eveniet. Ut quo ipsam mollitia. Facilis aut consequatur dolore sit.', '2021-09-30 16:29:43', '2021-09-30 16:29:43'),
(27, 1, 12, 'Commodi porro nemo est. Ab aperiam corrupti molestiae quia hic tempora laborum quos. Labore eos dolores quibusdam sed quia. Consequuntur error autem molestias sit. Nulla molestias numquam quaerat. Libero beatae ullam nemo rerum voluptates ex minima numquam. Rerum ut sit non officia et. Quia dolor eveniet dolorem qui cum velit. Et et nulla ducimus voluptatem exercitationem. Placeat maxime sunt debitis neque numquam maxime. Delectus est est animi molestias nemo neque numquam. Sed velit veritatis quasi. Voluptas asperiores occaecati rerum tempore illum dolor blanditiis consequatur. Est sit fuga debitis tempora et quaerat. Quibusdam ut ut aut molestiae voluptas. Consectetur et doloremque qui molestiae. Et et illo est fugiat voluptatem alias earum. Temporibus commodi dolor voluptatem architecto nulla. Ipsa quia at magnam velit enim voluptatibus. Labore aliquid eaque eum. Ut ut dolor quia odio dolores. Cumque cupiditate quasi aut. Molestias sit enim eos voluptas facere ducimus.', '2021-09-30 16:29:43', '2021-09-30 16:29:43'),
(28, 2, 40, 'Vitae quibusdam est sed minima dolor sunt. Odio optio tempora et iusto quidem. Eum iste et corrupti incidunt aut quia. Natus tempore quis dignissimos omnis maxime explicabo incidunt. Non esse rerum officia sint error. Totam sed sed aperiam molestiae exercitationem alias eos. Illo inventore nam qui corrupti nisi voluptas labore. Laudantium velit error voluptas laudantium suscipit. Reiciendis ut dolor est porro nam est. Voluptatem laboriosam ut consequatur et odit. Optio quaerat incidunt velit sapiente recusandae. Ut eos dolorum animi ut minima. Enim officia rerum quo. Est sint qui dolore quia. Et earum est reiciendis ipsum quam. Nisi nemo quia aut culpa dolorem natus ut voluptate. Minima omnis quam delectus quia laborum pariatur. Aliquid laudantium cumque facilis molestiae. Aut non sit nulla occaecati autem tenetur. Temporibus iste velit saepe inventore nemo sed. Quia facere similique nam. Velit quis aut labore quia. Soluta adipisci est reiciendis cumque facere.', '2021-09-30 16:29:43', '2021-09-30 16:29:43'),
(29, 8, 48, 'Et a iure consequatur reiciendis aut. Optio aspernatur culpa id et. Sunt repellat exercitationem voluptas magnam velit assumenda veritatis. Est libero totam aspernatur ipsum. Voluptas quia fugiat accusantium ut suscipit sit eligendi voluptatem. Sunt nobis assumenda blanditiis aut. Non aut possimus voluptatum necessitatibus et nobis. Odio repellendus quia dignissimos necessitatibus. Quasi harum corrupti repudiandae suscipit. In doloribus deleniti odit deserunt quia eum sed. Iure aut est saepe aliquid. Nostrum voluptatem et omnis a et alias est. Placeat eligendi praesentium earum eligendi aut. Consequuntur quas est vel est nemo eum possimus labore. Accusamus ut amet porro odio. Vel maiores sit inventore sunt. Quo odit impedit nisi distinctio voluptas alias. Illo fugit dolores saepe nesciunt veritatis doloremque. Deserunt odio labore similique.', '2021-09-30 16:29:43', '2021-09-30 16:29:43'),
(30, 7, 25, 'Non commodi ut et ipsum. Iure quaerat natus dolorem voluptates dignissimos aut. Suscipit sequi quis rerum iusto eveniet nobis praesentium possimus. Nostrum nostrum reiciendis excepturi sequi. Molestias fugit sit et. Sint voluptatem et unde deleniti voluptatibus vel. Inventore fugit sint pariatur rerum laborum sint. Quis ut dolorum sequi minima sit corporis eum. Id labore quo laboriosam magnam. Molestiae eligendi consequatur consequatur quis qui. Est temporibus id velit aut rerum cupiditate ea sit. Quia aliquam sit nulla consequuntur cum eos. Similique sint earum iste voluptatem omnis. Beatae dolorem laboriosam sequi est. Magnam suscipit vel accusantium nemo dolorum. Voluptatibus temporibus ipsum pariatur et nesciunt. Debitis laborum voluptas est ut. Aut laudantium qui aut dolorem quia. Facilis et et ut voluptas fugiat et ut eum. Est odit aliquid quis aspernatur sed autem autem omnis. Eveniet ullam sit id fugiat. Ipsum inventore magnam rem perspiciatis quis vel voluptate.', '2021-09-30 16:29:43', '2021-09-30 16:29:43'),
(31, 1, 57, 'Eveniet omnis ut voluptas mollitia aut. Qui quaerat aut alias praesentium perferendis libero. Voluptas sunt ut rerum est accusamus in. Omnis eveniet exercitationem nihil fugiat quo magnam. Veritatis iure voluptatem modi. Quo quidem aut numquam. Cupiditate quia doloribus nihil quisquam. Nam accusantium ab et. Est veniam perspiciatis molestiae deserunt quae sunt et. Non sed harum deleniti eveniet quidem est. Ut molestias vero non perferendis rerum quam. Inventore iste dolor repellat illo odio. Nihil fugiat ducimus aliquam tenetur. Iste et voluptatem quo rerum quibusdam iusto non. Qui quod sed numquam fugit quibusdam id dolorem voluptatem. Nihil cum distinctio molestias. Alias sed dolores quia amet dolorem dolorem. Iste dolores quis sunt omnis. Corporis quis ut quaerat. Placeat cupiditate necessitatibus vitae asperiores et consequuntur. Totam atque et blanditiis eos. Aut id inventore qui perspiciatis.', '2021-09-30 16:29:43', '2021-09-30 16:29:43'),
(32, 6, 39, 'Est qui quasi autem aut voluptas unde et. Dolores sed exercitationem quae velit. Ea et sed numquam dignissimos ut corporis. Vel earum odit aut id illum enim. Ratione impedit ut voluptate corrupti alias tempora provident. Dolorem modi voluptas qui. Qui et blanditiis veritatis deserunt quia. Ipsum unde quam commodi labore reprehenderit illo aspernatur. Repellendus a commodi est voluptatum sed. Aut architecto fuga illo id illo impedit. Tempora corrupti repudiandae officiis fuga sed. Est velit praesentium ut sunt necessitatibus ut excepturi. Illo odit debitis sequi dolorum officia incidunt. Et cumque et quibusdam. Placeat ipsam esse vel autem et. Sit ut maxime provident porro optio. Error omnis voluptatem omnis sit. Cum ipsa a dolor quo nulla dolore velit. Id ea excepturi voluptatem perferendis. Accusamus est quo ipsam eum non. Facilis eum quas quia doloremque reiciendis perspiciatis in quis.', '2021-09-30 16:29:43', '2021-09-30 16:29:43'),
(33, 4, 40, 'Ipsam sequi doloribus ipsa. Eveniet voluptas excepturi tenetur aut. Iure rerum quisquam fuga eveniet unde alias. Quasi iure corrupti hic. Blanditiis fuga sequi dolor aut. Eos est repudiandae qui sed. Quisquam officiis omnis voluptas adipisci. Ipsam iusto ea optio cupiditate non quo. Autem repellat qui enim illo porro mollitia autem ab. Sed quia cumque aut aliquam velit vel. Soluta beatae fuga earum velit est et eaque. Atque ut eligendi omnis asperiores non itaque. Quo voluptatem veniam quam excepturi in. Accusantium et iste corporis. Illum officia labore eaque tempore minus architecto saepe. Velit similique reprehenderit itaque. Reiciendis in ea consectetur debitis. Velit expedita animi voluptates distinctio molestias eum libero. Aut est aperiam laborum unde vel. Doloremque velit error voluptatem voluptatem. Sint cum eligendi quia culpa illum consequuntur sit. Nisi laboriosam velit debitis debitis libero sit.', '2021-09-30 16:29:43', '2021-09-30 16:29:43'),
(34, 8, 58, 'Ea ut nisi et consectetur neque et impedit. Cupiditate nulla eos ipsum. Nulla consequatur illo eaque nesciunt repellendus. Assumenda aliquam omnis qui pariatur maxime voluptas eligendi. Ducimus eaque quia officiis quia. Voluptas consequuntur sit qui non pariatur aut aliquam. Fugiat officiis voluptatem necessitatibus totam quidem dolor illo. Voluptatem necessitatibus corrupti praesentium nemo magnam dolorem ex. Dolorem dolor earum corporis aut est minus hic. Eveniet optio sint nam et quibusdam et. Consequatur molestiae corporis dolores non. Excepturi id magnam voluptates ducimus. Itaque mollitia distinctio suscipit quas totam. Qui laudantium placeat odio unde itaque. Consequuntur recusandae inventore quis ut. Et officiis et voluptas culpa vero et. Laborum excepturi sed delectus. Ut et delectus consectetur voluptas mollitia deleniti.', '2021-09-30 16:29:43', '2021-09-30 16:29:43'),
(35, 1, 1, 'Deserunt ea in velit similique temporibus laboriosam. Architecto sapiente quia ipsam rem eos. Voluptas ullam est aut. Quod deleniti voluptatem ullam neque at et. Quia enim aut quam occaecati vitae et. Quas ut aut necessitatibus sit. Nulla eligendi rerum facilis et. In est accusantium voluptas ut in magni. Aut possimus nam ipsam tempore non dolores dolor. Perspiciatis possimus aut ducimus adipisci. Et eius doloribus cum quod incidunt dolore. Quod eum sit qui vero et dolorem. Alias saepe nobis nesciunt aut praesentium quisquam deleniti. Consequatur ut exercitationem aut quia eveniet et qui. Perspiciatis eos inventore fuga quae. Accusantium itaque quidem enim quaerat rerum. Ducimus animi et provident nihil eos est. Enim sit nam veniam voluptatibus tenetur. Voluptas fugiat debitis molestias aut. Ipsum soluta assumenda explicabo magni soluta error. Sit expedita vel rerum at natus. Occaecati possimus non tenetur non. Est laudantium aut fugiat unde tenetur omnis.', '2021-09-30 16:29:43', '2021-09-30 16:29:43'),
(36, 9, 17, 'Aut dignissimos exercitationem ducimus facere deleniti voluptas. Quis rerum qui corporis expedita accusantium non. Dolorum quis maiores nihil ea doloremque. Qui exercitationem et nemo eos sunt harum voluptatibus. Distinctio sunt voluptas delectus rerum tempora autem sequi dolor. Totam ut ipsa quod dolores. Unde sint dolorem expedita vel quis rerum. Laborum facere velit ullam ipsam et vero harum. Rerum magni esse doloremque nobis perferendis alias deleniti cum. Voluptatem corporis dolor doloribus dolores ut voluptatem porro libero. Nihil dolore aut repellat rerum alias aliquid est repellendus. Culpa blanditiis sint voluptatibus pariatur ex quas non. Molestiae nesciunt corporis tempore ipsa nihil reiciendis dolorem. Ut ut occaecati incidunt sed alias. Non labore accusamus saepe et. Voluptas est et nisi et sunt sint. Repudiandae aspernatur fuga sit aut est voluptatem sed. Dicta voluptates ea fugiat quis id sed ratione.', '2021-09-30 16:29:43', '2021-09-30 16:29:43'),
(37, 3, 16, 'Dicta voluptas aut ea. In amet consequuntur quia reiciendis. Quia consequatur facilis deserunt quia quaerat iure. Non quia eveniet minima. Officiis explicabo dolor harum voluptatem eligendi quidem quas. Quos architecto veritatis suscipit quidem. Perspiciatis nam fugiat quasi nulla. Qui doloribus consectetur accusantium quo in quas et ad. Ut incidunt sint nisi provident nesciunt. Est nihil et ea commodi praesentium. Ut debitis doloremque repudiandae impedit. Sit aliquid fuga excepturi culpa nam facere odio in. Et maiores explicabo eum est sunt nisi. Quis quo voluptate natus corrupti dolor maxime voluptates. Tempora blanditiis similique sed cupiditate. Qui rerum itaque perferendis. Numquam eaque rem distinctio veniam maxime laudantium. Et doloremque perspiciatis dolore aliquid quia incidunt officia culpa. Reiciendis et quos optio. Alias illo et ut accusantium recusandae unde. Et illo sunt quo vitae placeat.', '2021-09-30 16:29:43', '2021-09-30 16:29:43'),
(38, 6, 37, 'Voluptatum facilis consequatur officiis ea eveniet dignissimos est. Nihil autem porro voluptas aut consequatur dolor excepturi consequatur. Explicabo aut nihil omnis consequatur expedita. Amet consequuntur optio dolore delectus ipsum consequatur. Error esse repellat tempore voluptatum ad ut. Nisi blanditiis quae est maiores et quo animi consectetur. Quo iure sint qui odio est nesciunt. Sed dolorum laudantium et molestias. Ullam veniam autem in dicta et minima. Ullam sint quia qui vero aut possimus. Ducimus qui occaecati quae qui. Quos quos recusandae accusamus sequi aut. Eveniet aut quis aperiam repellendus sed et et. Reiciendis quis labore in consequuntur repellendus perferendis enim. Temporibus sunt nulla aut. Qui facilis unde aliquam. In inventore neque eligendi commodi numquam doloribus sint. Optio asperiores minus inventore voluptas dolorem nesciunt explicabo voluptas.', '2021-09-30 16:29:43', '2021-09-30 16:29:43'),
(39, 7, 19, 'Necessitatibus et ducimus velit aperiam. Eius dignissimos natus dolore voluptatem quis ratione quia. Sint provident non praesentium autem. Possimus quae corrupti sunt harum accusamus. Est sunt amet ducimus. Ut voluptatem optio quia qui quas delectus natus. Pariatur et doloribus est distinctio. Exercitationem quia reprehenderit quam rem cumque dolor. Saepe ut voluptas optio rerum et inventore. Illo ut voluptatum voluptas molestias. Et omnis vitae explicabo quidem vel eius quos. Quis veniam est explicabo asperiores earum recusandae. Dolores voluptates omnis voluptates. Esse et voluptas ullam sapiente eveniet sequi incidunt. Fugit eum laudantium dolorum consequatur nam molestias. Aut ut fuga suscipit ducimus minima voluptas. Est error dignissimos amet error est laudantium est. Amet qui excepturi molestias odio suscipit praesentium. Repudiandae ea distinctio facilis non. Et molestias delectus voluptatem reprehenderit est.', '2021-09-30 16:29:43', '2021-09-30 16:29:43'),
(40, 3, 9, 'Sint laudantium omnis eos beatae. Veniam vero quia accusamus officiis. Inventore vel voluptas qui ut atque magnam. Ipsum aut distinctio eum in animi. Quibusdam eos nemo quo sint nisi sequi porro. Natus molestias deleniti dolore id et. Quia ullam ut voluptas et eos et impedit. Doloribus voluptatem dolores quibusdam. Quod veniam dolorem eos alias quasi excepturi magnam nihil. Quas praesentium vel atque ut tenetur. Voluptates consequatur aut quibusdam ea qui eligendi dolore. Laudantium sunt architecto aut sequi est modi nesciunt. Porro ratione et quas libero. Optio quo nobis aperiam illo voluptatum. Provident dolor id sed sit reiciendis quod laboriosam. Quo reiciendis perferendis perferendis dolores minus non placeat. Vero vel sunt et quo ut. Est nostrum nostrum sit eos quia ipsum ducimus. Et at sed numquam doloremque sapiente officiis. Occaecati vel ipsa et aut. Ratione ut accusantium repudiandae dolore occaecati eos.', '2021-09-30 16:29:43', '2021-09-30 16:29:43'),
(45, 5, 22, 'Minus rerum quidem nihil voluptatum saepe. Recusandae aut inventore eveniet. Sed beatae magni facilis accusamus modi expedita. Enim vel pariatur tempora minus hic. Eos error quia aut provident omnis cupiditate est. Ut animi doloremque recusandae qui qui. Quos et tenetur repellendus dolore excepturi esse. Iste dicta explicabo numquam sit. Id nulla hic atque omnis occaecati fuga eum. Voluptas libero dolores qui magnam eum et aut voluptatem. Voluptate quia doloribus quaerat. Quis molestiae possimus consectetur itaque commodi ipsum possimus. Magni odit ea quis et ipsam. Molestiae libero voluptatem possimus placeat illo beatae ut nemo. Aliquam ut dolorum dolorum doloremque quia reprehenderit dolor. Ipsam quasi quaerat saepe cupiditate et reprehenderit. Tenetur dolor repudiandae enim eum fugit dolorum. Quis a quisquam vel voluptas distinctio. Reiciendis dolores excepturi non et libero placeat. Quaerat rerum sed commodi temporibus cumque est non.', '2021-10-02 14:19:11', '2021-10-02 14:19:11'),
(46, 7, 36, 'Voluptatum facere qui quisquam quo enim expedita rerum. Non est aliquam voluptatem accusantium corrupti. Et praesentium alias doloribus eos voluptatibus et minima. Dolorem quam veritatis fugiat porro aut aliquam. Consequatur fuga enim numquam architecto nulla. Debitis natus autem nobis doloremque. Autem architecto quis et. Labore quis eos et. Aut dolor mollitia qui et nostrum. Ea porro nostrum porro minima reiciendis dolor necessitatibus. In distinctio repellendus molestias voluptates aperiam itaque assumenda. Quo temporibus dolorem sint et vel ratione dolor. Sit quis nihil corrupti quibusdam officia in. Molestiae dolorem consequuntur eveniet rerum saepe impedit. Et excepturi dolor maiores deserunt iste placeat. Vero laboriosam incidunt fugiat autem voluptatem. Quasi voluptatum temporibus ad voluptates. Laborum porro et culpa dolore ut numquam. Quasi ut corrupti minus explicabo quia rerum cupiditate.', '2021-10-02 14:19:11', '2021-10-02 14:19:11'),
(47, 7, 36, 'Aut animi doloribus non eligendi iusto aut et eos. Labore quam nulla consequatur esse in et. In et optio tenetur atque qui facere. Quidem neque adipisci est illo. Vel voluptatem omnis illo quia. Et et sunt temporibus nisi. Ut non saepe ipsam molestias magnam. Aliquid laboriosam et dolores maxime reiciendis iure. Eligendi repellendus dolores et sit harum corrupti ut. Voluptas repellendus rerum vel suscipit. Accusantium quia rerum consectetur nostrum distinctio amet ut. Sit perferendis id nostrum temporibus vero soluta. Minima accusantium voluptatem nam dolorum consequuntur facere sint velit. Odio minus ducimus eos minima. Ratione nihil eveniet corporis non quia est expedita. Facere minima ipsa voluptatibus temporibus quae assumenda. Eum qui excepturi occaecati dolor omnis dolorem voluptatum. Aut deleniti commodi laborum et. Autem et eum ea nesciunt.', '2021-10-02 14:19:11', '2021-10-02 14:19:11'),
(48, 5, 49, 'Consequatur ipsum est totam dolorem. Voluptas quasi enim non. Maiores quia est nesciunt totam quia rerum asperiores perspiciatis. Recusandae repellat incidunt soluta et pariatur. Temporibus voluptatum voluptatibus ipsum in. Illo commodi et eos ipsam nesciunt voluptas sed. Porro et aut et et. Non quae ea reiciendis eligendi vel sequi. Amet praesentium quasi enim culpa consequatur quis culpa quia. Inventore harum occaecati porro vel laborum earum. Quidem praesentium hic sapiente nihil delectus a eius. Amet in laudantium rerum saepe esse. Nemo non voluptatem inventore expedita distinctio. Temporibus dolor qui cupiditate nisi mollitia quis aspernatur. Ducimus ipsum aut officia. Quas et voluptatibus et exercitationem. Possimus at nihil quasi aut animi. Rerum veritatis saepe excepturi error ab. Deserunt rerum omnis accusamus earum dolores voluptatibus tempora. Facilis et eos et est sit eos sed. Et hic quia dolore corporis quaerat. Ullam voluptatem quidem quod et in.', '2021-10-02 14:19:11', '2021-10-02 14:19:11'),
(49, 8, 29, 'Adipisci quo in optio occaecati quis repellendus omnis. Quidem voluptas vero voluptas rem et reiciendis laborum. Odio et saepe quo et assumenda quidem qui. Omnis beatae a minima. Ad assumenda accusamus sit tempore blanditiis quo. Adipisci excepturi eum deleniti. Facilis ut eius explicabo consequatur nobis. Dolore corporis dolorum dolorum qui optio. Reprehenderit quia et ipsa vero odit voluptatem. Omnis et eos cum et. Id qui quo minus delectus. Tempora consequuntur adipisci blanditiis sapiente. Magnam voluptatum explicabo et aut placeat sed. Doloribus rerum commodi molestiae dolore sit cum fugiat. Numquam eum voluptate distinctio saepe nobis iusto id. Aut tenetur repellat aliquam sunt deserunt fugit culpa dicta. Sapiente ipsam molestiae id tenetur accusantium molestiae. Iste culpa voluptate quo ducimus laudantium vero dignissimos. Soluta corrupti repudiandae laudantium quo laborum. Molestiae eligendi ut numquam.', '2021-10-02 14:19:11', '2021-10-02 14:19:11'),
(50, 2, 36, 'Perspiciatis molestias ducimus et. Et totam vel eum libero quia in sit animi. Modi quas expedita magnam aut cumque. Doloremque sunt provident neque saepe. Odio sed facilis et non ducimus omnis fugit vero. Nam cum labore culpa magnam et. A dolor eum velit dolorem numquam quam. Qui nulla temporibus voluptatem earum ut. Dolorum ipsum nihil sit ea cum expedita. Voluptatem dolor dicta voluptas tempore sed. Explicabo sed quas dolor et nobis praesentium. Exercitationem soluta perferendis molestias explicabo. Ullam omnis omnis voluptates aut. Incidunt alias totam eveniet placeat. Molestias voluptas eveniet officiis excepturi quia totam. Explicabo laudantium quam consequatur vitae deserunt voluptatem similique. Quod ut expedita quasi vitae. Asperiores harum non dicta natus consequatur. Dolore sit consectetur commodi amet voluptas quia voluptas. Quis rerum minima amet. Non et esse deleniti odit qui autem odio. Quo error quaerat dolorum iusto omnis. Ut voluptate repellendus voluptate ipsa ab.', '2021-10-02 14:19:11', '2021-10-02 14:19:11'),
(51, 1, 52, 'Tenetur non iste cum deserunt voluptas. Eligendi facilis earum nihil aliquid et qui impedit. Aut id quam sunt sed nisi. Neque reprehenderit et iure et sequi et laudantium. Est harum quo modi veritatis corporis. Sit et quia ducimus tenetur exercitationem nulla. Ut ipsum ea enim soluta tempora. Ab ut nihil consequuntur exercitationem. Voluptas nihil saepe est unde architecto fugit soluta nihil. Quas at nisi et aut ipsum. Omnis sit id nostrum maxime. Facilis excepturi iste laudantium earum dolor consectetur. Aut esse repellat nesciunt tempora. Molestiae est velit enim totam deleniti atque. Asperiores ut inventore quisquam ut. Rerum eos deserunt veritatis. Quos impedit tempore error ab tenetur nihil. Repellendus id tempora atque architecto. Voluptate nulla odio necessitatibus tempora veritatis aut sunt. Qui quia mollitia sed eos eum. Molestiae et ipsam a nam.', '2021-10-02 14:19:11', '2021-10-02 14:19:11'),
(52, 2, 56, 'Error maiores nihil id consectetur sit assumenda. Modi consequatur cumque quisquam. Qui cumque quod saepe voluptatem dolor. Amet at maxime numquam dignissimos quod veniam sint. Quam quisquam est natus molestias eius minima explicabo. Voluptas cupiditate dolores sit tempore veritatis consequatur ad. Vel qui excepturi animi sunt ea. Eaque ut sunt et pariatur nobis sint ratione. Veritatis est et aut. Quo quaerat qui ex excepturi necessitatibus eos accusantium. Rerum nostrum cupiditate corrupti earum ipsum molestias culpa. Aut ipsam impedit voluptate deserunt. Ea laborum necessitatibus nemo a animi repellendus qui. Sit doloribus nobis quae neque dolor. Aut voluptatem et esse. Est aliquam omnis voluptatem id rem. Asperiores voluptas repudiandae corporis vel accusantium qui. Omnis excepturi voluptatem inventore dolores. Alias sequi incidunt rerum voluptates. Odit distinctio ut nihil perspiciatis architecto ea.', '2021-10-02 14:19:11', '2021-10-02 14:19:11'),
(53, 2, 46, 'Nam et perspiciatis consequatur sint odio ducimus quaerat. Voluptatem officiis velit doloremque quia reiciendis vitae velit cumque. Sapiente eveniet architecto aut dolore tempora. Maxime aliquid consequatur nam itaque aut non ut quam. Quia rem quam assumenda inventore. Possimus asperiores quibusdam ad aut sed dolorem ut cumque. Libero autem ipsam voluptatem quia. Sint laborum incidunt exercitationem eaque nam et iusto. Nam blanditiis rerum perspiciatis eveniet expedita. Assumenda fuga saepe recusandae qui. Expedita magni et est voluptatem. Corrupti dolores accusamus non fugiat officiis iste et. Labore beatae et fugit qui recusandae. Autem maiores et et sed quia veritatis molestiae. Quisquam nihil aperiam reprehenderit asperiores. Tempore et deleniti illum eveniet deserunt ut. Ut est sit esse eum dolorem. Autem aut nulla molestiae in voluptatibus quas voluptates. Rerum ad ex eum quo aperiam.', '2021-10-02 14:19:11', '2021-10-02 14:19:11'),
(54, 8, 37, 'Cumque optio sit corporis dolorum. Quia porro incidunt est ipsa sint fuga ipsam. Numquam sit recusandae dignissimos. Eius est voluptates tempore in dolorem. Id quo fuga dolor eveniet et. Non iure magni sunt qui officiis nemo doloribus. Voluptatibus ipsam perspiciatis dolores eum. Sapiente mollitia magnam dolores. Sunt perferendis omnis laborum ipsa. Consequatur accusamus id enim sed ut voluptatibus sed. Dolorem nesciunt sed voluptas ex voluptatem. Sapiente beatae quo omnis. Maiores similique voluptas vero eveniet quis et officia. Laborum reiciendis aliquam sed aliquam sint. Exercitationem culpa illo mollitia ullam. Ut voluptatem tempore hic cum eos. Repudiandae deserunt similique aspernatur aliquam ullam non. Voluptatem occaecati tenetur architecto et. Et quia recusandae aut. Quos accusamus architecto nobis quia sit. Praesentium eos ut ut quis perferendis voluptatem. Quidem qui vero sequi est nesciunt.', '2021-10-02 14:19:11', '2021-10-02 14:19:11');
INSERT INTO `comments` (`id`, `user_id`, `product_id`, `body`, `created_at`, `updated_at`) VALUES
(55, 4, 23, 'Est provident ipsum quis repudiandae nesciunt veritatis aut. Recusandae a tenetur sed ipsam suscipit. Unde neque amet explicabo maxime deleniti. Reiciendis sunt ullam est pariatur modi quaerat voluptate. Vero voluptates magni laudantium aliquam. Sit et et et libero praesentium fugit est hic. Cum deserunt tempore consectetur reiciendis ea. Dolor et vel harum rerum non qui inventore distinctio. Deserunt commodi voluptatem aut eveniet et unde. Vitae iste et et nam vero doloremque facere. Doloribus necessitatibus laborum porro consequuntur voluptatum eum. Tempore iusto esse nisi esse. Nobis et aperiam optio dignissimos ea. Officia dolorem dolores consequatur praesentium beatae. Tempore sed et dolorum. Aperiam omnis et eligendi ipsa nostrum et. Dolores dignissimos dolores et enim sunt aut dicta. Est quia numquam amet asperiores minima debitis. Nisi asperiores odit ut ut. Ut excepturi eligendi itaque illo id.', '2021-10-02 14:19:11', '2021-10-02 14:19:11'),
(56, 8, 37, 'Odio laboriosam delectus ab nisi. Id voluptatem ab iure. Expedita eveniet aut voluptates dignissimos dolores. Accusamus nemo pariatur adipisci in eaque ratione voluptatem. Assumenda laborum et omnis ad voluptas similique earum. Et doloremque sit accusantium quaerat eius. Quo totam dolores odit numquam. Ipsa nihil fugiat pariatur quisquam numquam non dolore. Earum beatae impedit autem veniam qui magni. Aspernatur porro eum quis et aut. Est minus repellat laudantium veniam sapiente nisi. Vel eaque aut tenetur accusamus. Porro earum et temporibus temporibus et. Magnam exercitationem incidunt eligendi suscipit et. Et libero nemo dolor. Ut magnam ullam cupiditate possimus dolor aut. Sequi at saepe dolorum nihil nesciunt et eaque. Placeat repellat molestias consectetur consequuntur. Pariatur quia porro aut officia excepturi. Omnis eaque aut ullam odio beatae eos quia. Sit quia sunt incidunt qui aut aperiam et.', '2021-10-02 14:19:11', '2021-10-02 14:19:11'),
(57, 6, 29, 'Velit ab nesciunt voluptatibus amet. Temporibus quidem maiores aut sint. Magni voluptatem quod ducimus culpa unde rem eius. Ea eos quia consectetur eligendi. Distinctio quo ea assumenda ducimus sed sequi sit fugiat. Quam asperiores officiis error qui earum tempora. Perferendis beatae provident quia deserunt. Est ut et nisi nemo inventore nesciunt. Doloribus sed vitae aut vel. Sit vitae ut exercitationem in hic neque dolor. Earum fuga veritatis magni expedita ut unde voluptatem. Laudantium cupiditate magnam id voluptatibus incidunt voluptas. Omnis consequatur voluptas ut minima. Magni voluptas sit laboriosam ipsa amet laborum voluptate. Rerum accusamus autem qui perspiciatis. Deleniti aliquam vitae in. Aliquam impedit accusantium nostrum voluptas voluptatem pariatur id. Rerum aperiam magni sit voluptatem at facere. Consequatur commodi culpa aperiam incidunt consequatur. Quaerat hic et est similique. Sit rerum sed sit omnis vel vitae.', '2021-10-02 14:19:11', '2021-10-02 14:19:11'),
(58, 4, 19, 'Iste consequuntur sed in sit qui magnam officiis ad. Cum sint eum occaecati est quo molestiae voluptatem. Quia porro explicabo et vero tempora. Sunt adipisci quidem magni voluptas sint qui. Ab voluptatem deleniti placeat soluta non. Dolorem beatae qui dolores dolor nesciunt. Dolorum vero asperiores ipsa eum. Sunt velit laborum ut possimus dignissimos ex. Voluptatem ratione minima dolores non dolorum iure ipsa ut. Ea quam porro sunt ipsum corrupti ut non. Quisquam necessitatibus officiis nesciunt quo ab. Sint nulla omnis aperiam quia eius aliquid nesciunt. Ab est libero dolorem quidem. Incidunt sapiente suscipit consequuntur esse. Vel est omnis unde et. Quaerat id inventore dignissimos. Dolorem soluta non sunt error voluptate corporis.', '2021-10-02 14:19:11', '2021-10-02 14:19:11'),
(59, 9, 47, 'Corrupti ut aliquam pariatur quia et atque perspiciatis. Numquam consequatur omnis maiores ea. Omnis temporibus sint omnis consequatur. Necessitatibus quos et maxime eum quia quo. Sint asperiores similique natus corrupti ducimus quae. Magnam fugiat voluptatem deleniti voluptas. Est deleniti ut natus. Sunt soluta hic aut ullam libero neque. Culpa similique aliquam id maxime. Architecto voluptatem iusto magnam aliquid. Sed eos quos non quos nesciunt unde ducimus illum. Quia eum dolores dignissimos molestiae nulla. Accusantium amet nesciunt eum cum atque accusamus vitae enim. Occaecati minima qui est. Esse quisquam perspiciatis totam occaecati doloribus. Aut enim odit et animi accusantium facere eaque. Placeat mollitia nihil magni qui necessitatibus ea. Aut fugiat repellendus sed qui ipsam aliquam quia. Cum rerum ducimus eos repellendus. Ex enim qui aut odio. Dignissimos iure laboriosam quos fuga corporis. Recusandae facilis architecto molestiae sunt.', '2021-10-02 14:19:11', '2021-10-02 14:19:11'),
(60, 7, 39, 'Architecto officia quae ullam non laborum rerum ducimus. Id qui magni voluptatem quisquam cum. Ex qui quos placeat qui esse. Fugit nihil nihil et illum veritatis id. Sint unde labore ad animi delectus quidem nisi sunt. Iste vitae sit non dolores est laborum. Magni sint consectetur officia sunt iusto. Dolor totam in possimus necessitatibus. Eveniet voluptatem cumque dignissimos est inventore. Quis numquam ducimus ducimus est eius quo. Molestiae impedit illum eum earum minima hic. Accusantium reiciendis pariatur ut atque rem. Molestias quisquam sed quod vel deserunt autem. Architecto qui amet dignissimos. Atque ut voluptatum aut aut culpa ab deleniti. Recusandae quo et sit architecto excepturi et delectus fugit. Non unde omnis provident officia ut voluptatem. Quia reprehenderit ducimus at distinctio. Quo et dolores est ut enim voluptatum tenetur aut. Et quod id et eveniet dolor.', '2021-10-02 14:19:11', '2021-10-02 14:19:11'),
(61, 9, 44, 'Sint beatae et aut cumque esse sint. Voluptas voluptatem voluptas aliquam error. Velit fugit hic quo totam. Sed explicabo nisi fugiat possimus voluptatem rem autem. Et voluptatem dolorum quos omnis. Minima ab at ea rem. Illum et iure odit in beatae. Consequuntur est eum reiciendis corrupti repellat. Aspernatur omnis consequatur facere assumenda. Aut qui consequuntur eos quam aliquam. Occaecati iste quia repellat autem sit. Et eos quis et eum nobis aut sit. Aliquam natus esse nam. Fugiat earum eaque at qui non exercitationem. In animi hic ut est error. Est illo molestiae et. Ullam rerum sit quia sint voluptatem nihil earum. Quis ut rerum nostrum rerum qui tenetur. Quam praesentium hic accusantium impedit dolores qui. Optio ut dolores quos amet. Incidunt atque deserunt eligendi et est impedit quam. Et rerum saepe nihil architecto tenetur voluptatem.', '2021-10-02 14:19:11', '2021-10-02 14:19:11'),
(62, 10, 25, 'Dignissimos ut dolor et accusamus. Voluptatibus et quidem voluptatem reiciendis autem. Mollitia quos assumenda est ut. Tempora aut aspernatur laudantium perferendis quo. Delectus esse repudiandae nam nihil. Voluptate alias autem dolores ipsam dicta eos. Delectus fugiat consequatur velit at architecto non voluptatem. Sit ullam tempora quia alias. Saepe voluptatem quibusdam et repellendus quis laboriosam. Inventore aliquid corporis repellat facilis. Est consectetur alias blanditiis molestiae commodi aut. Occaecati similique incidunt impedit voluptatibus. Dignissimos ut blanditiis fuga. Dolores magni tenetur aut qui officia saepe. Excepturi cumque quo perspiciatis delectus dolores. Officia recusandae repudiandae molestiae autem praesentium. Exercitationem hic id minima expedita numquam repellat quo corporis.', '2021-10-02 14:19:11', '2021-10-02 14:19:11'),
(63, 7, 30, 'Eveniet itaque nam repudiandae ut praesentium nihil quia. Sed corporis optio voluptatem nemo. Odio non eligendi sunt sed est ducimus. Et earum assumenda quibusdam. Autem non nesciunt laboriosam recusandae et magni. In esse at pariatur ducimus voluptatem. Voluptatibus minima reiciendis enim quia ab vel fuga at. Minus quisquam omnis deleniti. Aut consequatur officiis architecto consequatur. Dolor minus voluptatem voluptatem fugit doloremque totam. Odio in soluta nemo ipsam explicabo nostrum ut qui. Et dolor odit tempore labore. Et beatae aliquam nihil architecto a asperiores similique. Soluta sunt quia quam ipsum soluta molestiae quaerat. Laudantium et molestiae quis est dicta quaerat voluptatem quia. Ut porro nesciunt sed et. Nulla qui amet porro veniam. Voluptates ea asperiores laudantium ducimus et consequatur recusandae. Facilis molestiae ut ut et tempore praesentium. Porro quis voluptate ipsam. Ad ducimus ipsam maiores sit in. Officiis facere quis modi velit.', '2021-10-02 14:19:11', '2021-10-02 14:19:11'),
(64, 8, 21, 'Unde accusamus inventore aliquam iste et. Dolor minus repudiandae aut aut praesentium officia laboriosam. Placeat veniam perferendis sed modi aperiam. Veniam ut id aut nostrum rem nihil. Minima praesentium id at error. Soluta ea voluptatem sed. Corrupti quia aut dicta vitae omnis non. Eius quos voluptate quae id. Voluptate sapiente sapiente quod suscipit nihil rerum. Libero vel corrupti tempora et tenetur eius alias. Quas laudantium et est porro id corporis iure qui. Nostrum dolores occaecati architecto sapiente. Rem tenetur nobis exercitationem culpa corporis aut. A qui magni sit dicta. Ipsam quos eos consequatur eum. Et doloribus porro ea incidunt dolores ad. Dolor voluptates in commodi modi. Aut hic minima sed id. Omnis sint odit quibusdam consequatur esse non quasi nihil. Sunt voluptatum quam maxime minus. Voluptatibus autem dolorem reprehenderit corporis repellendus corrupti. Blanditiis ullam vel quibusdam tempore. Odio sunt illo fugiat eligendi in quas.', '2021-10-02 14:19:11', '2021-10-02 14:19:11'),
(65, 6, 2, 'Saepe nihil dolores modi eius et. Ex blanditiis eligendi quae vel sunt porro omnis hic. Optio quia saepe qui repudiandae. Quidem earum sunt praesentium. Quis quaerat occaecati autem sit. Architecto alias dolores et molestias est aspernatur atque recusandae. Pariatur voluptatibus possimus ad totam aspernatur quia. Rerum fuga rerum ut. Eaque provident consectetur et beatae. Aperiam voluptate dolor libero. Dolor dignissimos sed aliquid sed laborum molestiae nulla. Ab ut magnam impedit sunt cumque. Et commodi nemo quia minus id nam. Sint animi nesciunt sit ut. Est ipsum ut sed voluptatem autem possimus. Eaque fugit eos minus dolor harum. Nam qui voluptas fugit voluptas autem quod. Debitis quia fuga molestiae consectetur reprehenderit architecto. Omnis itaque fugit non ut corporis ab debitis. Debitis nulla exercitationem expedita eveniet quidem.', '2021-10-02 14:19:11', '2021-10-02 14:19:11'),
(66, 7, 26, 'Occaecati provident est voluptatem eos doloribus odit voluptas. Perferendis facilis non dolore nostrum pariatur voluptatem sit. Officia quis iusto non aperiam eligendi et. Eligendi hic veritatis magnam eos aut aut. At vitae inventore quasi sed in quasi. Voluptatem dolorem delectus quia aliquam aperiam autem non. Sit et laborum quas voluptas. Qui enim unde fugit assumenda vitae deserunt. Debitis veniam ea sit eos aperiam. Commodi sed voluptatum nemo autem non magni cum quo. Quasi dolor ad fugit et non nihil cumque. Eos voluptatibus molestiae omnis quidem eius ut. Aliquid tempore iste natus non ut. Quis velit non ut earum. Quis quae libero quia minima. Commodi id ut unde minima animi. Quaerat perferendis neque quae saepe similique voluptas. Aliquid dolor voluptates est facere et magni. Excepturi magnam pariatur expedita possimus deleniti eos sunt rem. Architecto eos ut molestiae quia et totam nostrum qui.', '2021-10-02 14:19:11', '2021-10-02 14:19:11'),
(67, 7, 4, 'Reiciendis qui nihil omnis asperiores temporibus culpa rem. Autem reiciendis dolor voluptatem odit dolorem laudantium. Totam praesentium et tempora et dolore aperiam blanditiis quo. Rerum sunt voluptatum odio molestias. Dolore suscipit voluptas cumque ut. Minus est est aspernatur aut est. Quod beatae numquam perferendis fugiat. Debitis labore optio expedita nihil. Assumenda odit quibusdam eaque. Nobis voluptatem consequuntur nemo. Dolor voluptas est deleniti quia blanditiis corporis. Aperiam velit molestias in molestiae beatae sit dignissimos. Corrupti dolorem maiores et cumque. Magnam quasi non voluptatibus vitae voluptas nulla dolores. Praesentium amet accusantium quaerat repellat. Velit id tenetur molestias quas perspiciatis et. Alias similique voluptatem est enim aut. Qui amet dolor perferendis. Hic ullam similique non autem. Ad odio in sapiente.', '2021-10-02 14:19:11', '2021-10-02 14:19:11'),
(68, 7, 30, 'Consequuntur non rerum mollitia laudantium in et. Autem cupiditate aut officiis et iste aut id voluptas. Consectetur totam omnis eum sit ad illum sint impedit. Atque sit autem rerum accusantium dolore voluptas. Esse aut quis voluptas. Quisquam officia voluptatem eum possimus et sit dolorum. Repudiandae et aspernatur voluptas modi. Doloribus optio est minima sed error perferendis minus. Magni non corporis laborum ipsum perferendis. Maiores id odio saepe velit eos repudiandae voluptatem. Eum quo ad et voluptates at at aut. Vero sapiente non et velit. Nihil non qui tempora. Eligendi quo dicta eveniet reiciendis omnis ut. Itaque dolore libero officiis similique. Voluptates ut enim enim placeat consectetur iure. Repellendus in velit sint vitae aspernatur accusamus est. Eum vel repudiandae eligendi eos laborum consequatur ab. Perferendis repudiandae quisquam ea velit. Autem ducimus amet itaque quis quos est consequatur voluptatem.', '2021-10-02 14:19:11', '2021-10-02 14:19:11'),
(69, 6, 22, 'Ut voluptate consequuntur expedita quod. Unde sed velit asperiores labore. Qui autem rerum atque ea voluptatem. Incidunt sunt eum voluptatum porro sint minus cupiditate. Nobis debitis in error beatae illo qui neque. Debitis omnis aut nostrum rerum et quia velit. Sit iusto quidem ea voluptatem. Sint consequatur repellat ullam. Aut quidem quo aut autem voluptatem eos. Soluta quidem possimus eos reiciendis velit velit quod laudantium. Consequatur quia eligendi animi aut. Voluptatem porro eaque ut eum ea eligendi nam. Consequuntur dolores exercitationem dolor praesentium vel nobis ut numquam. Eligendi vel earum autem commodi numquam explicabo. Laudantium qui velit cum et ut similique harum neque. Dolores quia laudantium doloribus esse ut harum sequi. Atque quia voluptatem quia neque maiores quasi similique. Autem reiciendis vel ut vero. Veniam eum voluptatem blanditiis et ut. Adipisci dolor officia atque non.', '2021-10-02 14:19:11', '2021-10-02 14:19:11'),
(70, 3, 33, 'Sed delectus eos autem repellat sit ex voluptate. Ut omnis saepe sunt perferendis quo. Vero doloribus eveniet non ut assumenda qui mollitia. Eius qui dolores omnis quae quo. Earum tenetur hic est ad sed dolores sed inventore. Eligendi saepe quia qui modi. Non aut repellendus et veritatis. Nobis sed itaque mollitia quia ut. Qui accusamus sint nostrum mollitia mollitia ad. Non distinctio sequi omnis. Odio amet sit molestiae iste et quaerat. Et sed inventore non. Deleniti blanditiis consequatur est. Est recusandae et laboriosam esse perferendis et quod. Dolores doloremque nisi sunt facilis cum sed qui et. Nisi iste assumenda et consectetur qui. Omnis et quae perspiciatis sapiente. Vel ut magnam suscipit ducimus pariatur qui voluptas necessitatibus. Ullam qui ut itaque aut beatae molestiae hic. Iure necessitatibus et eum in. Et assumenda cupiditate nihil non soluta sequi quaerat.', '2021-10-02 14:19:11', '2021-10-02 14:19:11'),
(71, 9, 48, 'Maxime magnam beatae nam esse in eveniet labore. Eum placeat vero rem. Delectus quo laborum odit ipsam. Animi expedita et soluta est ratione quasi error omnis. Ratione perspiciatis exercitationem est. Ex labore atque incidunt. Ex eos ipsum praesentium labore. Modi nesciunt qui eveniet rerum. Qui vel enim tenetur ad aperiam ut. Quo assumenda quis nihil. Fugit est perspiciatis est enim qui voluptatem et. Ut ratione repellat omnis delectus. Voluptatibus atque alias minima dignissimos et. Blanditiis et eveniet quam quis libero consequuntur. Accusantium quo quod enim. Rem veniam assumenda ut animi soluta. Quas placeat harum ad omnis ex officiis. Dolores et exercitationem rerum doloremque. Rerum id eius quaerat sequi animi quaerat non. Voluptas quisquam qui sint doloremque qui. Distinctio mollitia natus ut fugit sed quo. Sed at unde aut sint.', '2021-10-02 14:19:11', '2021-10-02 14:19:11'),
(72, 9, 2, 'Exercitationem dolores ea facilis hic aut omnis ut hic. Quia vel saepe recusandae eos. Quae quia est expedita voluptatem velit voluptas. Modi pariatur beatae eaque in. Voluptate ex quam mollitia culpa ipsa. Ullam et animi est placeat officiis quis et veritatis. Sunt quo sunt corrupti omnis necessitatibus. Voluptates architecto mollitia aut vel vitae. Excepturi dolor est vitae distinctio sed delectus. Commodi porro asperiores dolores officia sed est veritatis est. Aut molestiae cupiditate aut accusantium. Odit saepe quia eligendi deserunt harum. Debitis sed enim sunt illum. A voluptate vel dolor exercitationem aspernatur aut. Amet recusandae est sed ea dolorem dignissimos qui. Voluptatum dignissimos architecto officia voluptatem illo. Commodi perferendis numquam nam. Consequatur eum quia numquam dolorum sed id.', '2021-10-02 14:19:11', '2021-10-02 14:19:11'),
(73, 8, 60, 'Nam architecto ut earum autem aperiam ab. Architecto quis fuga quae rerum. Est quos consequuntur at quae. Maiores eos voluptatem unde libero laborum delectus facere voluptatum. Ex sit expedita animi facere facere sit vitae. Exercitationem eveniet aut quia nesciunt et est consequatur. Eum est voluptatem possimus corporis. Eius rerum placeat est hic. Rerum et optio facilis occaecati. Aut similique rerum iure id. Eveniet adipisci aut aut voluptas nobis corporis rerum. Beatae quas est debitis sed vitae consequatur. Aut et repudiandae ut optio. Sed perferendis iusto modi quisquam enim et. Laboriosam dolorum cupiditate qui aspernatur libero est. Animi officia provident est dolor eos. Voluptatem animi corrupti non. Repellendus distinctio id id molestiae sint expedita. Sunt dolorem debitis consequatur soluta iste voluptas. Minus laborum eum natus quas aut id. Ea ipsam repudiandae perferendis voluptas. Veritatis deleniti ut nihil sunt et.', '2021-10-02 14:19:11', '2021-10-02 14:19:11'),
(74, 5, 34, 'Quibusdam aut eum odit modi. Voluptatem soluta minus nostrum doloribus et exercitationem dicta. Aut commodi unde sed error. Qui beatae modi sit quos. Rerum quia enim id deserunt architecto qui. Et sit a veritatis quia rerum officiis neque. Ullam mollitia tempore nam autem assumenda officia. Facere et quod expedita perferendis. Quae quibusdam similique ipsam et est inventore consequatur. Repudiandae aut error non est nemo quidem. Aliquid eum iste impedit adipisci beatae alias qui eos. Voluptatem molestiae expedita ad quam nesciunt quis. Sed iusto quam laudantium recusandae facilis velit doloremque. Numquam culpa error quaerat ut. Repellendus minima iusto nihil non impedit nostrum et. Sed vitae autem asperiores recusandae ea sequi rem. Nam quia illum corrupti animi molestiae non voluptatem. Autem accusantium eum excepturi dolorum doloribus. Voluptatibus vel perspiciatis fugit porro praesentium. Error voluptas natus praesentium id omnis et aut saepe.', '2021-10-02 14:19:11', '2021-10-02 14:19:11'),
(75, 2, 18, 'Iste nemo autem et. Iusto corrupti amet totam qui dolores quidem. Voluptatem sint et autem. In qui voluptates enim omnis et. Quasi dolor ut aut est ut. Asperiores voluptatem et ratione. Dolor molestiae cum maiores facere. Velit quisquam qui suscipit voluptates voluptas necessitatibus incidunt. Molestias officia quia ipsum autem sit explicabo esse iste. Modi non ut quibusdam officia possimus corporis. Blanditiis omnis sit molestiae. Quia molestias perspiciatis laborum accusamus vero laudantium sint. Reprehenderit recusandae est possimus sed mollitia nisi. Blanditiis voluptate nam consequatur nulla omnis nulla. Sit autem provident voluptatem deleniti. Dolorem et quo aut est accusamus. Accusamus aut accusantium quis soluta quas voluptas accusantium nam. Ut exercitationem soluta quo amet sint et. Aut repellat minus alias et consequatur rerum libero. Quaerat officia est nemo doloribus consequatur sed qui. Debitis deserunt nihil nihil dolorum facilis.', '2021-10-02 14:19:11', '2021-10-02 14:19:11'),
(76, 7, 40, 'Reiciendis quos enim amet quisquam excepturi nemo sit amet. Unde distinctio eos illum molestias saepe ut quos. Itaque aut esse consequuntur ut dolore omnis. Dolor omnis molestiae pariatur eum voluptates eum doloremque. Quia est molestiae odit nihil est rerum voluptas. A veritatis tempore eveniet. Eius aut possimus commodi nihil. Et non consequatur ducimus consectetur dolores sunt dignissimos ratione. Minima molestias ab et omnis. Quaerat rem error et tenetur cum. Quas ipsa rem et et nam. Necessitatibus numquam dolorem aliquam expedita possimus. Minima eaque velit labore voluptas explicabo ut. Assumenda nulla voluptate molestiae recusandae quia aliquid. Ut dicta voluptate cum nisi. Et quasi reiciendis occaecati non perferendis. Eius ut ipsum error voluptatum ut praesentium quaerat. Ad et doloribus aut natus quasi ut est. Aut dolor quia ut deserunt provident dolor cumque est. Dolores cupiditate eos facilis consequuntur et repellat vel. Aut omnis nihil beatae exercitationem sed eos sed.', '2021-10-02 14:19:11', '2021-10-02 14:19:11'),
(77, 1, 1, 'Enim enim nam unde laboriosam nulla et sit. Est iure qui autem consequatur neque. Rem earum autem qui aliquam consectetur ex labore ut. Veniam repellat distinctio molestiae inventore pariatur. Nisi sunt corporis neque et. Molestiae quas corrupti dolorem est id. Et rerum aut ab eius recusandae ducimus itaque. Qui voluptatum molestiae esse. Laborum autem delectus consectetur fugit. Voluptatem eligendi commodi voluptas veritatis quasi esse. Nulla et in inventore reiciendis sapiente accusamus. Sunt dolorum quaerat non voluptatem molestias autem aut. Ea impedit consequatur et earum enim quod eum adipisci. Eum quasi vel unde est omnis animi nihil. Aliquam explicabo at voluptatem qui fuga dolores. Ipsum aut deserunt et aut. Rerum veritatis possimus incidunt laboriosam corrupti. Enim est ea aut nesciunt laboriosam. Ut exercitationem quam harum facere debitis magni error.', '2021-10-02 14:19:11', '2021-10-02 14:19:11'),
(78, 2, 61, 'Enim explicabo repellat aperiam quia ipsam accusamus. Ullam labore sed atque iste dolore. Est est ipsam beatae omnis officiis quae et sit. Quia tempore alias nesciunt impedit nam aliquid. Impedit reprehenderit mollitia est accusamus fuga rerum quasi. Maxime voluptatibus voluptatem blanditiis maxime sint nihil velit. Ut qui dicta sed aut. Consequuntur vero quidem qui quia. Nobis dolor ipsum aspernatur temporibus dolorum omnis. Corrupti enim nesciunt consequatur ullam ab eum accusantium. Aut assumenda aperiam voluptatum officia consequuntur. Recusandae quis cumque odio maiores quos. Molestias quo eligendi quod voluptatem nesciunt qui a. Iste quo placeat est magni eaque molestiae. Ut officiis ea praesentium illum sit dicta. Perspiciatis qui sed qui totam. Magnam dignissimos et et. Rem id omnis suscipit beatae earum eius. Reprehenderit est aut saepe molestias inventore qui. Odit alias illum architecto. Voluptatem dignissimos eos necessitatibus ad non esse aut.', '2021-10-02 14:19:11', '2021-10-02 14:19:11'),
(79, 7, 53, 'Doloremque iusto nobis enim ratione. Veniam laboriosam magni sunt pariatur eum. Ipsum molestiae omnis illo molestiae nihil itaque. Repellat iusto tempore voluptate. Veniam placeat modi saepe neque. Ut fugiat sunt dolores et enim animi ex. Similique dolor placeat eligendi recusandae non in numquam. Velit aut laudantium error deleniti accusamus molestiae sunt. Praesentium nisi et enim fugit qui eum nisi. Aspernatur minima repellat nihil ea id pariatur reiciendis. Ipsa eum quaerat voluptas ipsa tempora quibusdam. Expedita at qui sed perferendis placeat reprehenderit maiores. Aperiam sit cumque expedita nam. Cupiditate et autem laudantium aliquid. Amet ut nam et inventore maiores sequi explicabo animi. Esse nihil omnis nobis nostrum qui totam velit. Dolorem possimus vitae autem est natus quae corporis. Iusto sapiente facere natus ex sunt architecto dolorem vero.', '2021-10-02 14:19:11', '2021-10-02 14:19:11'),
(80, 7, 45, 'Qui aliquid quidem et voluptas fugit temporibus sit. Exercitationem molestiae voluptatem recusandae et nostrum. Quo iusto necessitatibus a corporis et voluptas praesentium facere. Commodi aliquid harum nobis ut quasi laborum aut. Accusamus nobis quo labore aliquam soluta qui. Veritatis iusto labore dolore incidunt ut consequatur. Et voluptatem et iusto ipsam ex laborum voluptatum. Quaerat qui dolorem vel ut iure assumenda voluptas mollitia. Omnis ab et sit deleniti molestiae. Veniam odio commodi consequatur quia laudantium nisi ab. Id modi nemo ut ducimus qui. Aperiam ut impedit voluptatum. Id ipsa veritatis facilis at eveniet. Rem recusandae qui ratione eos omnis. Earum nostrum est reiciendis deleniti veritatis ut expedita. Et aut magnam exercitationem officia eveniet sit. Eveniet ea saepe minima perspiciatis dolorum est eius. Molestiae et et quam animi odit velit. Labore provident sed aut voluptas quo quasi eum. Officiis ullam et tenetur consequuntur perferendis.', '2021-10-02 14:19:11', '2021-10-02 14:19:11'),
(81, 5, 35, 'Explicabo iste officia nihil ut. Amet sequi hic provident sed. Ab corrupti possimus optio minus. Repellendus voluptas nostrum et illo sit sunt rerum. Rem omnis eos quia laborum et illo. Quod corporis deleniti sint. Officia est unde fuga non voluptatem consequatur. Aliquid est eos dignissimos sapiente dolores. Similique ut magni consequatur eum. Fuga sit quibusdam sapiente nihil ratione molestiae. Illum est in quisquam earum. Voluptatibus distinctio nam corporis quos. Et in velit maiores in sequi nemo. Recusandae architecto aspernatur voluptates. Consequatur explicabo non dolores enim qui qui est quis. Ducimus assumenda doloremque voluptatem voluptatem sunt. Et et voluptatem omnis sed nemo nisi saepe. Est ratione possimus ut possimus. Reprehenderit quia eos esse consequatur amet. Commodi ratione dicta voluptas laborum aut. Et ipsum doloribus corporis.', '2021-10-02 14:19:11', '2021-10-02 14:19:11'),
(82, 9, 33, 'A ipsum rerum voluptatem nulla ut doloribus. Magni maiores at ex consequatur architecto reprehenderit. Quam veritatis accusantium qui debitis commodi repellat est omnis. Repudiandae molestiae modi consequatur officia dolores voluptatem expedita. Architecto nobis ut architecto excepturi. Corrupti quis ea facilis omnis consequuntur officia omnis. Libero tenetur quas quo nobis vero necessitatibus tempora est. Est qui quo doloribus sit ad facere sed perferendis. Error eos quaerat quo. Aut omnis porro alias nulla. Veritatis eos ratione non vero. Laboriosam minima porro facere eligendi. At autem repudiandae eum quam. Ut mollitia sunt doloremque saepe neque quis. Recusandae est cumque est aspernatur perferendis. In ab rerum cumque. Et blanditiis aperiam ut corporis nemo earum enim. Aut ex maiores nam harum perspiciatis. Illo qui modi ut ea ducimus. Et natus accusantium aut perspiciatis animi autem quia.', '2021-10-02 14:19:11', '2021-10-02 14:19:11'),
(83, 2, 34, 'Et hic rerum earum architecto commodi beatae. Distinctio ipsa corporis assumenda fugiat omnis modi. Consequuntur modi nihil voluptatem. Quia quis rerum reprehenderit facere ut cum. Nihil officia temporibus quod sint illum sunt aut consequatur. Placeat commodi quisquam aut adipisci at deleniti aliquam totam. Est fuga deleniti nam ut. Ex eum aspernatur exercitationem quibusdam. Nihil eum fugit molestiae ex autem consectetur. Ad accusantium quod voluptatem id voluptas. Officiis aperiam asperiores illum labore ut quos. Sit ullam optio reiciendis hic non et culpa. Quis itaque quisquam assumenda provident sint distinctio fuga. Itaque totam est veniam. Est iste deserunt dolorem repellat. Sapiente totam nisi omnis aut nulla sit dolore. Et numquam quos voluptate doloribus unde. Molestiae impedit beatae repudiandae iure fuga. Dolorum sint adipisci impedit voluptas excepturi nisi. Hic architecto explicabo dolorem qui quia aut rerum.', '2021-10-02 14:19:11', '2021-10-02 14:19:11'),
(84, 3, 33, 'Est natus consectetur ab consequatur et sed adipisci. Maiores aperiam voluptatem omnis sapiente quaerat incidunt repudiandae ducimus. Nostrum soluta et sunt et est aut. Dolor ut saepe reiciendis maxime. Id ab non animi culpa dolorum et. Sint sequi quia quidem ut consequatur ut ratione ut. Et blanditiis quis repellat aut. Dolor aut sed velit in tempore sit. Omnis labore non est placeat. Quaerat illum in possimus omnis optio consectetur. Doloremque iusto qui qui voluptatem. Quos dignissimos numquam eaque hic in fugit sint commodi. Aut quos similique accusamus est architecto. Ad voluptatem repudiandae nemo iste odit cum suscipit. Dignissimos eos dolor quibusdam magnam. Error temporibus consequatur numquam harum dolores. Ut et ut natus numquam tempora ea. Hic ut autem maxime pariatur. Voluptatem rerum repudiandae autem est maxime perspiciatis. Accusantium incidunt sed sint id velit doloribus voluptas. Est animi voluptatem quidem.', '2021-10-02 14:19:11', '2021-10-02 14:19:11'),
(85, 4, 53, 'Optio in voluptatum velit. Illum labore corporis expedita. Impedit eum repellendus aut ratione quia libero. Exercitationem repellat eum aut quasi excepturi. Dolor impedit praesentium necessitatibus sapiente. Impedit et facilis est mollitia commodi ipsum. Ea officiis quasi sit est consequatur. Dolor sed totam qui hic. Dicta cum aut in. Necessitatibus exercitationem pariatur sunt expedita et ea. Quis officiis non ullam occaecati. Quaerat eveniet placeat dolore qui repellat voluptas ipsum quod. Repellendus ut itaque voluptatibus quam. Non pariatur possimus excepturi sunt vel ducimus et repudiandae. Molestiae perspiciatis esse libero corporis. Qui adipisci dicta porro non. Eos expedita officiis veritatis rerum. Iure iste numquam consequuntur similique. Repudiandae dicta officiis id repellat fuga qui perspiciatis. Placeat eaque unde voluptate est earum ut aut. Sed eius illum odio perferendis dolorem. Voluptatibus tempora facilis et et autem. Rerum dolorem voluptas corrupti magni dicta.', '2021-10-02 14:19:11', '2021-10-02 14:19:11'),
(86, 7, 16, 'Blanditiis inventore doloremque commodi debitis provident est. Hic ratione quam adipisci deserunt. Autem aut quisquam non rerum voluptate laboriosam aut. Nesciunt doloremque fuga nam voluptatum minima. Velit tenetur rerum nemo soluta officiis. Voluptas voluptas velit mollitia in corrupti id voluptatem. Et doloribus autem quisquam aliquid dolorem. Tenetur vero eaque nobis voluptas et. Laudantium voluptatem mollitia quis dolores quae cum fugit. Ducimus laborum ipsum aut et. Maxime odio et est non ut. Officiis sunt ipsa ad voluptas. Vitae illum accusantium ut mollitia vel. Porro assumenda est deserunt asperiores sunt. Error natus omnis voluptas labore fugiat. Natus dolores voluptatem vel dolores est. Provident blanditiis alias sed quia aut perferendis. Numquam velit cumque ut sed animi. Voluptas consequatur assumenda rem perspiciatis est.', '2021-10-02 14:19:11', '2021-10-02 14:19:11'),
(87, 8, 43, 'Dolorem velit ut ex dicta fugiat quis. Voluptate rem provident aut. Odit tempore voluptate ea illo qui adipisci. Doloribus delectus est aut sunt est. Sequi eius ut eveniet officia. At officia non amet. Eum debitis ut sunt odio molestiae eos. Harum rerum qui fuga ex laudantium praesentium id laborum. Sit praesentium ut suscipit aperiam non. Aut illum quidem doloremque explicabo accusantium dolor doloremque ducimus. Qui non sint possimus sint enim non. Odio est eum et omnis aliquam tempore explicabo ut. Aperiam quod corrupti molestiae. Provident fugiat minus sapiente perspiciatis. Consectetur sapiente praesentium dolorem aliquam excepturi temporibus quia laudantium. Non odit voluptatibus eum sapiente vitae voluptatem. Quidem et sequi ab autem voluptate quas sit. Est quae soluta consectetur qui. Corrupti at voluptas asperiores aut corporis a praesentium. Labore ad officiis quia.', '2021-10-02 14:19:11', '2021-10-02 14:19:11'),
(88, 10, 10, 'Sequi et molestias sed et ipsa soluta. Nisi unde odio voluptatem voluptatem facilis. Quo quod nostrum aut rerum est minima. Ab ut eligendi occaecati adipisci et totam incidunt. Sit consequatur omnis iusto ut nihil sit. Consequuntur qui blanditiis sint quia non exercitationem. Blanditiis inventore dolorem quia dolorum quibusdam. Animi similique aspernatur iure inventore nam enim. Quo velit error sapiente. Inventore a dolor necessitatibus optio rem. Voluptate qui quia voluptas quos. Deserunt sit sint facilis illo fugiat illum quia. Voluptatem quia quo vel eius perspiciatis nesciunt sit. Sit velit vitae consequatur nesciunt tempora dolorem. Saepe vero sit pariatur et. Dicta dolor modi vero non. Optio et et voluptas nihil minus possimus. Et eveniet aut sint illum. Quas blanditiis explicabo sed pariatur at totam aut.', '2021-10-02 14:19:11', '2021-10-02 14:19:11'),
(89, 6, 9, 'Harum quas occaecati voluptatum dolorum iusto inventore aut. Sed sint voluptate tempora itaque dolores omnis. Veniam consequatur ea illo. Perferendis et consequatur distinctio fugiat delectus quae eligendi dolorem. Quaerat nostrum recusandae aliquam ducimus est quis. Voluptatem magni nobis minima ratione quisquam velit. Ducimus at atque ut ea vero qui. Vero esse quod autem tenetur ipsam corrupti. Dolores et est quasi facere sit fugit. Quibusdam nulla pariatur deserunt autem. Et facilis est ut aut dolorem quisquam. Ab quas ut et illum et reiciendis. Temporibus consequatur ab quod non molestias ullam eaque. Voluptates modi corporis aut. Rerum quae qui cum quaerat. Ad aut necessitatibus perferendis minima natus officiis. Aut est laboriosam aspernatur accusamus quo voluptatem sint. Sunt neque magnam quae qui consequatur. Rerum saepe quam facilis voluptas. Aperiam tempore optio quia numquam alias totam blanditiis.', '2021-10-02 14:19:11', '2021-10-02 14:19:11'),
(90, 1, 49, 'Perspiciatis consequatur dignissimos perspiciatis veniam illum ut. Dignissimos quo tempore rerum ipsum illo. Iste minus non vero aspernatur tempora animi. Quo iusto quis praesentium aut. Reiciendis a qui voluptatibus laborum. Distinctio rem quibusdam esse veniam quidem est ut. Consequatur ipsam ipsa officia numquam. Soluta eum voluptas est cupiditate qui quas. Modi libero ipsam cum quibusdam exercitationem aut voluptatem. Nihil in nisi dicta dicta enim omnis. Vitae doloremque maiores sed sit. Provident minus officiis omnis earum ut dolorum. Nihil voluptas nobis odit dolore consequatur molestias rem. Ut suscipit nostrum molestiae vel nobis aperiam. Aperiam est nemo nemo qui aut et. Labore in cupiditate dolores cupiditate est. Delectus eaque sed et ea. Neque qui voluptas quisquam praesentium quasi. Nihil ratione voluptatem corrupti. Hic quia exercitationem consectetur aliquid praesentium autem. Necessitatibus velit corrupti facere reiciendis ipsa ratione eum.', '2021-10-02 14:19:11', '2021-10-02 14:19:11'),
(91, 4, 52, 'Saepe ex explicabo voluptatem. Et at maiores provident necessitatibus non tenetur sunt. Vitae repellat minima tempora itaque doloremque. Ex quidem laboriosam laborum saepe ut. Consequatur qui fugit fugiat molestias. Ipsa illum perspiciatis nesciunt illum. Officia deleniti illum unde quasi delectus. Quisquam facilis nihil dolorem voluptatem aut aspernatur. Recusandae voluptatum ut ipsum quia necessitatibus aspernatur. Totam molestias fugit sint nisi sunt facilis. Suscipit cum ut rerum accusantium similique sit vero. Est ea nulla non. Maiores officia dicta sed quod eum quas sunt quibusdam. A officia et iure vel. Voluptate nesciunt sed eveniet. Dolorem temporibus suscipit laudantium expedita quia dolorem corporis. Non veniam dolorem consequatur rerum quam dolores molestiae dolores. Eveniet ipsam et exercitationem modi animi numquam. At et dolor fugit iure alias.', '2021-10-02 14:19:11', '2021-10-02 14:19:11'),
(92, 5, 4, 'Et et enim ratione. Eos est dignissimos consequatur nemo error. Assumenda optio iure quos nemo tempore. Quidem eum reprehenderit sit reprehenderit. Eius aliquam eveniet neque nemo aut corrupti. Soluta assumenda nesciunt necessitatibus molestiae ab aut. Ut enim autem in nemo fugit. Commodi quas pariatur ratione architecto repudiandae qui omnis. Assumenda excepturi assumenda consectetur blanditiis. Vel voluptates atque aut velit. Vel voluptatem repudiandae harum voluptatem dolorem. Corporis quo ut sed. Non ducimus consequatur et cupiditate voluptatibus. Iste esse vero est rerum et architecto. Fugiat dolores blanditiis suscipit. Sed eos tempora odio eos laudantium incidunt sed. Iure aliquid est et. Veniam id laborum id quisquam. Esse aut sit nulla ut deleniti doloremque enim. Quo praesentium quia dolorem esse quasi.', '2021-10-02 14:19:11', '2021-10-02 14:19:11'),
(93, 4, 16, 'Ullam perferendis quasi amet perspiciatis consequuntur voluptatem doloribus illum. Eos qui voluptas qui dolore officiis consequatur. Minus eum veritatis adipisci aliquid tenetur et. Repellat id sit minima error alias et quaerat fugiat. Est nihil perferendis deserunt error nemo. Eos voluptas maxime facere fugiat dicta. Ipsum tempore et voluptates reiciendis. Facere et blanditiis autem sequi voluptatum molestiae aut. Sit cumque placeat eum consequatur rerum. Quis quas omnis est aliquid impedit. Animi consequatur autem enim omnis sunt. Minus debitis quod occaecati cumque. Alias itaque maiores ut consequuntur quod voluptatem quo. Quia voluptatem et vero eos quas. Qui ut repellendus culpa. Enim minus omnis veniam. Est repellat distinctio est sequi aliquid modi. Qui qui molestiae numquam. Magnam ut illo cum debitis laboriosam dolores. Consequatur quidem ipsum commodi a praesentium dolorem. Numquam dolorum nihil nisi numquam excepturi. Corporis quasi repudiandae fuga veniam cum.', '2021-10-02 14:19:11', '2021-10-02 14:19:11'),
(94, 9, 36, 'Rerum error sed quas non unde hic. Quia ad quia voluptatem est cumque. Saepe quis dicta sapiente et ut sunt. Quaerat tenetur nobis accusantium sunt omnis. Optio qui est quaerat id aut nihil consequatur. Dolores iste est autem. Nam dolore accusamus repudiandae sit vero quis quam et. Vel quasi omnis nisi qui. Veniam iste dolor repudiandae asperiores quia delectus qui. Iusto laborum hic aut et nobis. Id consectetur ut delectus accusamus. Nulla vel sed aut in. Porro unde dolor sit accusamus. Corrupti est eius aliquid ullam occaecati praesentium. Omnis minus eum autem eos iure non porro et. Dolores voluptas eius distinctio harum quia. Unde est maxime quia ipsum ut quasi. Eveniet earum cum quia est. Et est unde voluptatibus illo adipisci. Ea voluptas assumenda voluptas modi. Voluptatibus quia reprehenderit aut sit et excepturi. Qui aperiam et autem nihil consequuntur recusandae sequi tenetur. Voluptatem repellendus debitis quasi ut nesciunt.', '2021-10-02 14:19:11', '2021-10-02 14:19:11'),
(95, 6, 34, 'Deleniti vel et totam quia dolor. Et hic quod enim saepe quaerat aut. Maxime consequatur incidunt porro corrupti ipsum enim. Nesciunt odio est voluptas vel. Et eos doloribus ea neque eos enim quod dolores. Ratione incidunt non tenetur. Debitis sint velit aspernatur sed ut eos accusamus. Aut aut magni rem velit. Alias qui commodi veritatis eligendi in ut et. Rerum fugiat nihil nihil quas eum sunt impedit. Corrupti pariatur assumenda officiis sit. Ipsa dolor beatae dolores illo. Ratione itaque dignissimos ut. Possimus repudiandae laboriosam ipsum accusamus omnis qui vitae. Enim quo esse reiciendis non illo. Vitae quaerat veritatis delectus voluptas magnam optio excepturi. Illo eaque dolor culpa commodi earum. Magni laboriosam et est. Facilis fugiat et doloremque libero. Qui qui fuga excepturi dolore dolor itaque sapiente. Non molestiae voluptas eos non eaque voluptas blanditiis. Est quia ullam aut laborum dolores. Aut nostrum dolor molestiae aspernatur similique.', '2021-10-02 14:19:11', '2021-10-02 14:19:11'),
(96, 6, 3, 'Eveniet id maiores quia veritatis laborum voluptas ullam. Odio enim quasi quasi alias aut laborum aut et. Natus exercitationem soluta ex quo optio at. Enim quas dignissimos ut in itaque provident. Labore fugiat nisi dolorum saepe ullam. Laborum maxime reprehenderit recusandae qui ut ipsam rerum. Aut sint voluptate quo. Est amet quia cupiditate et. Sit maxime qui facilis sed sed est. Eum nam et non optio animi placeat enim. Iure dolore quaerat consequatur voluptatem. Non id excepturi cum temporibus quod eum. Optio qui consequatur doloremque quia sequi. Ad qui sit sunt et est minima repudiandae ut. Sed qui dolor dolorum vel. Sit eveniet numquam qui. Non repellendus voluptas corporis earum quisquam et molestiae ut. Qui quis earum sunt. Dolorem itaque repellendus rerum voluptatem impedit est. Sed accusamus ipsa illum voluptates. Doloribus sed sit velit quas. Quo minus accusantium ea ut ut. Corrupti sit non non ea itaque beatae.', '2021-10-02 14:19:11', '2021-10-02 14:19:11'),
(97, 4, 45, 'Minus perspiciatis ut qui numquam recusandae est porro. Reprehenderit velit et et sit. Cupiditate cum magni fugit rem rerum vel beatae. Totam perferendis repellendus adipisci. Saepe non quia id nesciunt aliquam neque voluptate veniam. Et atque praesentium atque velit. Veritatis a rerum quae autem qui iure officiis. Quis saepe autem at aspernatur illum blanditiis. Aut non perspiciatis et sit ipsa sit consequatur. Excepturi ad iure eius. Id ipsam quisquam commodi repellat eveniet. Corporis magni qui cum magnam aut libero magni et. Ut facere fuga sequi consequatur et. Debitis praesentium consequatur iure debitis aut tempore. Officiis et ut voluptatibus placeat quae ad voluptas. Ullam qui aut sint aliquam minima facilis. Commodi reiciendis incidunt accusamus quaerat quis non. Non nam perspiciatis commodi molestiae. Debitis perferendis vel dolores in debitis repellendus mollitia. Corrupti velit quia quisquam ut. Sit reprehenderit reiciendis quod sapiente ea.', '2021-10-02 14:19:11', '2021-10-02 14:19:11'),
(98, 7, 18, 'Animi laborum suscipit ipsa sequi. Ut et incidunt voluptatem et. Voluptas praesentium ratione nesciunt sint. Provident commodi molestias quas fugit minima. Adipisci et saepe dicta et eius sed autem. Ex perspiciatis autem incidunt doloremque voluptas. Suscipit deserunt deleniti et vel facere consequuntur a. Hic iusto dolorem id dolorem. Voluptatem laboriosam et ducimus et aut. Molestiae quae quaerat ab et eius. Architecto sunt quis explicabo minus. Facere dolores dolor accusantium non. Voluptatum quia ratione recusandae. Atque et et facere eos sapiente sunt. Esse nobis qui deleniti. Consequatur quidem ea natus nobis non. Et voluptatum quam velit optio. Est laudantium facere quos nihil iusto. Laboriosam et labore molestiae corporis neque esse quia aut. Quidem est rerum voluptatem ut deserunt autem. Vel reiciendis dolorem consequatur aut sunt distinctio quam.', '2021-10-02 14:19:11', '2021-10-02 14:19:11'),
(99, 1, 1, 'Natus et incidunt temporibus. Aut voluptatem quae cupiditate. Sit exercitationem esse temporibus aut. Maxime non laboriosam id voluptatem quasi ea expedita. Earum dolores culpa similique quis. Sequi ex consequuntur est numquam vitae sed consequatur. Iusto praesentium quia dolorem harum. Sed error minus fuga itaque quasi. Nulla esse sed dolor laborum. Odio earum consectetur aliquam maxime dolores est quidem. Ullam omnis vel ut nisi aspernatur quia quos distinctio. Ea labore aut quia quo possimus aut accusantium. Voluptas voluptate eum ut ut. Velit expedita quibusdam amet tempore corrupti laudantium. Perspiciatis ut assumenda quasi sed. Incidunt voluptatibus sequi et occaecati non enim. Et nostrum cum libero dolor ex. Qui est incidunt quos quia sed. Illum omnis magni aut eius beatae perspiciatis. Mollitia et esse ullam quam. Aut est odio ex maxime ex. Et eos aliquid voluptas unde.', '2021-10-02 14:19:11', '2021-10-02 14:19:11'),
(100, 6, 1, 'Et ipsum est aperiam atque ut. Et sunt enim quia quibusdam et molestias. Nulla aliquid rem veniam cupiditate sed. Repudiandae voluptatum enim non vero eligendi ut. Qui voluptatem non illo et. Voluptatum repellat minus iusto. Dolor quod similique qui quisquam debitis. Alias minima adipisci et autem aperiam ut. Rerum dolores sequi illo quibusdam et doloribus. Rerum perferendis laborum voluptate. Porro veritatis non at velit aut. Nostrum assumenda ex consequuntur sed accusamus fuga cumque qui. Vero mollitia qui itaque quis eaque. At ea vero perferendis eveniet voluptatem enim. Nisi animi assumenda nostrum veritatis praesentium aperiam. Et quia aut modi aliquid eos. Aut quod eos velit quasi. Occaecati rem consectetur sit tempore est nemo labore. Dicta dolor numquam quis asperiores.', '2021-10-02 14:19:11', '2021-10-02 14:19:11'),
(101, 4, 28, 'Amet totam voluptate nam rerum non praesentium. Et magnam qui ipsam explicabo veritatis sequi et. Et nesciunt quia sed. Quia assumenda quasi ea eveniet quidem. Labore enim ut tempore alias repellat. Fugit quod deleniti earum unde libero porro. Id voluptatum iure quibusdam totam officia pariatur est. Dolorum at iure numquam sint a. Aut sit dolores quasi dolore eligendi suscipit. Et sunt autem et dolor corrupti. Vel et est quia quis aspernatur ullam. Alias fugiat autem blanditiis assumenda provident. Aliquid esse alias dignissimos totam et. Similique aliquam dignissimos cumque in non ea molestiae. Voluptates provident nihil dolor consequatur. Quia sint dolores optio dolores in. Sequi ex enim est commodi aut et ipsa. Cupiditate deleniti cum consequatur id cupiditate alias doloribus exercitationem. Amet aut sequi exercitationem nostrum consequatur sequi. Iste quod esse repudiandae facere et earum tenetur maiores. Ut non porro est.', '2021-10-02 14:19:11', '2021-10-02 14:19:11'),
(102, 2, 11, 'Ab enim laborum sunt numquam. Sed suscipit laudantium assumenda ad voluptatem. Incidunt odit vel odio. Minima ut praesentium est quos vitae similique. Voluptatum debitis eum autem consectetur eaque deserunt quia velit. Doloremque et voluptates id cupiditate esse et soluta repellendus. Qui odio iste molestiae voluptates eveniet a aut. Impedit cupiditate quibusdam velit officia delectus quas facilis a. Velit qui dolor reprehenderit ut nostrum unde nemo. Nostrum et iure mollitia pariatur cupiditate enim quisquam. Blanditiis expedita velit praesentium. Omnis excepturi et sequi voluptatem eligendi. Quia odit voluptatum quod. Exercitationem molestias harum iste. Illum maiores impedit minima voluptas rerum quia. Ex iste non doloribus quibusdam vel vitae deserunt. Ea alias qui voluptatem maxime quisquam numquam quos.', '2021-10-02 14:19:11', '2021-10-02 14:19:11'),
(103, 8, 29, 'Autem beatae quisquam velit molestias. Voluptas ab itaque aut aliquid nemo et. Et voluptatibus culpa inventore laboriosam ea itaque. Ut tempore distinctio culpa itaque dicta autem et. Et repellendus aliquam mollitia beatae ex repudiandae. Optio nihil a beatae ea mollitia ducimus. Quaerat et est reprehenderit hic. Molestiae cupiditate explicabo nisi neque sed labore. Esse voluptatibus nam delectus quasi. Ratione sed labore odio et esse. Quae ipsam aut rerum necessitatibus voluptate. Dicta officia accusamus eum nulla aliquid quis dolor hic. Sit eum corporis numquam nostrum necessitatibus est nihil et. Consectetur animi adipisci et maxime. Ullam consequatur quis nemo sit magni non qui. Inventore quisquam at aliquid blanditiis praesentium sit aut natus. Distinctio perferendis perferendis ut corporis quos quisquam. Nisi dolore ut deleniti numquam. Aspernatur voluptatum qui tempora quis. Aut cumque beatae et eveniet dolorem ut blanditiis.', '2021-10-02 14:19:11', '2021-10-02 14:19:11'),
(104, 10, 13, 'Occaecati dolor odit odit pariatur aliquam sit vero et. Aut veritatis non incidunt corporis asperiores aperiam repellat ut. Unde maiores consequuntur libero voluptas voluptatem autem. Quia explicabo facere eius ipsa rerum et. Qui blanditiis commodi iure facere illum ab. Quibusdam quis rerum dolore ut maiores quia. Reiciendis voluptate velit suscipit officia. Consequuntur suscipit eligendi quaerat nihil enim sint vel. Voluptates autem omnis reprehenderit voluptatem id. Quidem sint praesentium non odit molestias hic corrupti. Quis totam voluptatibus similique quis alias at harum. Dolores molestiae dolorum voluptatem consequatur. In temporibus hic veritatis a quod magnam. Quae et temporibus qui quia voluptatem sed dolorum. Ipsa accusantium autem molestias fugit. Aut repellat eos illo esse tenetur. Odit beatae perspiciatis libero ex occaecati neque. Id dolorem dolorum iure eius. Deleniti quidem in corporis expedita aut. Assumenda dolor odio mollitia facere aliquam.', '2021-10-02 14:19:11', '2021-10-02 14:19:11'),
(105, 10, 42, 'Sint est suscipit vitae doloremque beatae. Aut commodi non distinctio sint molestiae laudantium dolores. Labore omnis fugiat consectetur. Occaecati id numquam blanditiis et deserunt eaque rem. Aut explicabo sunt maxime vel sint quia est. Repellat rerum totam temporibus excepturi occaecati. Hic temporibus sunt aut ea non. Laboriosam ratione non eligendi iure. Eum nisi animi molestiae odit. Quia dolores qui omnis suscipit necessitatibus neque fugiat. Quia incidunt non eius dicta odit ab aperiam. Nemo quo perferendis aspernatur magni et. Repellat voluptatum molestiae voluptatum assumenda. Qui et enim omnis quia. Velit mollitia aut optio eius quod ipsam. Iusto qui saepe impedit quia itaque. Dignissimos quia placeat quia facilis temporibus ut rem. Vitae doloremque praesentium distinctio eveniet aperiam. Corrupti explicabo atque quas. Consectetur sunt sint porro quia.', '2021-10-02 14:19:11', '2021-10-02 14:19:11');
INSERT INTO `comments` (`id`, `user_id`, `product_id`, `body`, `created_at`, `updated_at`) VALUES
(106, 6, 58, 'Eum tempore reprehenderit ipsam id aliquid sit doloribus. Quae aspernatur aut illum qui est voluptas dolores. Enim sed veniam quibusdam et sunt. A voluptatem quo sint suscipit. Impedit sint non incidunt et iusto culpa. Libero et neque et nostrum et corporis nesciunt. Recusandae animi dolore maiores harum itaque. Enim porro repellat sit magni ut eum. Aut voluptatem quibusdam quia est non at. Accusantium molestias maxime deserunt aut. Nihil suscipit culpa est fugiat. Quo inventore tempora similique. Eaque excepturi est a. Itaque temporibus possimus laudantium voluptas cumque. Aut omnis quisquam perspiciatis quos laborum ullam dicta. Placeat sunt doloremque animi. Sunt quo corporis voluptatem consequatur laboriosam expedita sunt. Molestiae ipsam ratione quos officiis cumque. Hic corporis ea ab. Non ipsam velit sunt labore vero ullam provident qui. Reiciendis neque unde est voluptas est velit ut nihil.', '2021-10-02 14:19:11', '2021-10-02 14:19:11'),
(107, 5, 61, 'Accusamus vero voluptatem voluptatem et omnis. Itaque tempora ratione qui ea quo. Ducimus eum in non est cupiditate corrupti pariatur reprehenderit. Cum quod esse et et voluptatum ut. Doloremque veniam officiis asperiores. Consequatur totam nostrum et qui ut. Quisquam voluptates eaque voluptas commodi. Velit quod quis quae voluptatem. Aut nulla minus consequatur cupiditate eaque. Animi dignissimos dolorem dolore saepe molestiae. Voluptatem ut et occaecati qui in vel. Amet quas alias in ut. Similique qui ipsum velit qui. Velit voluptatem aut et ipsa expedita numquam perferendis. Ut omnis quo explicabo ea vero quos rerum. Dolorum sunt cumque soluta aut voluptates ex. Asperiores optio dicta dolorum enim. Aliquam ut ratione rerum molestiae. Rerum est neque quam sequi nihil aliquam possimus. Ut porro reiciendis iusto delectus eaque omnis. Excepturi aut voluptas animi ipsum dolor tempora. Reiciendis error aspernatur dolorem eius sed consequatur explicabo quas.', '2021-10-02 14:19:11', '2021-10-02 14:19:11'),
(108, 1, 40, 'Optio et est rerum est ut. Incidunt quia consequuntur facilis aut. Officia et et et commodi maxime. Cumque consequatur repellendus neque. Itaque consectetur et sint et est blanditiis aut. Aut sunt quos et doloribus delectus dolores reiciendis. Non tenetur veritatis sint sunt voluptatibus et in. Explicabo et dicta enim recusandae illo asperiores. Quidem et voluptas blanditiis blanditiis. Mollitia autem odio dolor consequatur. Totam deleniti quis praesentium voluptatem ipsum tenetur. Et et rerum saepe ducimus laboriosam qui. Molestiae natus quasi magni ex non. Laudantium asperiores placeat qui blanditiis cumque molestias totam. Dolores sint libero quas nobis vel. Labore eveniet velit est rem. Dolores facilis exercitationem assumenda unde consequatur omnis voluptas. Neque suscipit aliquid rem est. Quasi rerum reprehenderit expedita pariatur. Saepe ut tenetur vero officia totam iure.', '2021-10-02 14:19:11', '2021-10-02 14:19:11'),
(109, 6, 39, 'At eveniet nulla iure consequatur. Saepe facilis voluptatum animi atque dolore voluptatibus vero. Voluptas velit accusamus praesentium hic numquam. Ab non cum voluptas in vitae. Delectus ea et sapiente velit reprehenderit possimus asperiores. Nesciunt excepturi odio voluptate sunt voluptatum iusto rem. Totam natus et consequatur. Aperiam voluptatem ipsum autem minus ea aut commodi. Libero mollitia qui quis aliquam occaecati. Aut sunt doloremque voluptas quibusdam non modi. Quaerat atque eius commodi autem deserunt quia id aut. Consectetur voluptates inventore libero et veritatis quia. Sit voluptatum quas quas fuga qui voluptate ipsum. Excepturi aspernatur et nihil itaque ut. Et eius dolor ipsa eos architecto fugit illum. Officia modi ad iste. Illum distinctio nihil sunt numquam et. Et laboriosam facilis et commodi sed earum dolores.', '2021-10-02 14:19:11', '2021-10-02 14:19:11'),
(110, 4, 3, 'Nihil animi est et molestiae distinctio pariatur at. Quis autem at aut voluptatem enim sit adipisci. Incidunt ipsa magnam et aliquam. Error nemo voluptatem eum delectus libero sunt voluptas. Sit aut sed quidem dolores cupiditate. Numquam magni vero magnam tempora ut. Ea explicabo placeat provident provident non. Voluptatibus accusantium et similique natus ullam eius ut. Veniam nesciunt omnis beatae. Unde repellendus est dolor expedita sed. Sunt sapiente illo sint debitis. Nihil aut quam perspiciatis. Veritatis ipsam ad nemo nihil ducimus est accusamus. Eaque quisquam ut voluptatum quo et at. Et harum eius ratione voluptatibus earum corporis. Non dolorem numquam vel eaque. Laboriosam laudantium quia sit debitis rem similique. Cum dolorem aut accusantium nobis omnis ipsam eveniet. Dignissimos reprehenderit dolores nihil tempore. Beatae aut molestias aliquam perspiciatis quaerat dolore voluptatem. Molestiae quam vero exercitationem cum est provident.', '2021-10-02 14:19:11', '2021-10-02 14:19:11'),
(111, 1, 60, 'Recusandae molestiae eaque dolor. Quaerat sint aliquid nobis ab. Exercitationem rerum facere similique quos sapiente non magnam. Rerum in est voluptatem dolores. Sed at culpa repellat voluptates illo et tempora. Inventore sit nihil et natus est. Enim vero autem natus repudiandae consequatur sed. Et natus dolorum minima accusamus perspiciatis. Deserunt tempore fugit totam beatae possimus. Et omnis quidem velit. Nam enim ipsum placeat id rem illo assumenda ex. Aut voluptatum non vel totam quia voluptates. Pariatur doloribus eligendi quia numquam et sed vitae. Iusto vel culpa est rerum consequatur. Dolores deserunt quisquam sint repudiandae. Perferendis accusamus et in et dolorem. Sunt aperiam et consequatur hic laudantium. Quia dolorem nihil quaerat tenetur suscipit. Nam eum laudantium cupiditate inventore deserunt. Omnis in numquam cupiditate rem quae qui accusamus minima. Sunt qui doloremque id nihil eius.', '2021-10-02 14:19:11', '2021-10-02 14:19:11'),
(112, 8, 52, 'Distinctio voluptas temporibus voluptatem non aliquid doloribus perspiciatis. Nulla qui qui rem delectus iste quaerat. Dignissimos dolores ut enim exercitationem ut et. Voluptas molestiae voluptatibus provident eveniet dolores iusto id. Vel ut assumenda enim non laudantium voluptatum. Ullam quaerat delectus consequatur dolores nihil deserunt laborum. Excepturi minus occaecati repellendus ullam provident. Et harum nam molestias non illum fugit. Eligendi ea ea voluptates porro tenetur. Quas eveniet non ullam occaecati et mollitia sapiente. Est ea voluptatem temporibus maxime. Ullam aperiam sed eius maiores vero. Eveniet exercitationem et alias voluptatem. Voluptatem sint quam culpa ea ut tempore. Rerum eos velit quis necessitatibus. Ut temporibus et ut aperiam et et ab. Facilis consequatur voluptate sed voluptatum in molestias quo qui. Sequi dolorum excepturi optio quibusdam. Reprehenderit a ut libero quasi tempora. Sit consequuntur amet ullam eos vitae accusamus aut.', '2021-10-02 14:19:11', '2021-10-02 14:19:11'),
(113, 7, 8, 'Maxime quia saepe dolorem ut consequatur et dolores ex. Temporibus dolores et ut dolores libero et ut cupiditate. Vero soluta est excepturi quis incidunt neque est. Optio recusandae voluptatem eum sit. Ut necessitatibus ipsa minima vero. Quia dolores quo et dicta eveniet repudiandae vel rerum. Magnam laboriosam magnam eligendi quibusdam doloremque. Pariatur eos aut eligendi recusandae reiciendis. Voluptas porro at recusandae eaque explicabo. Ipsum eligendi aperiam et porro recusandae dolore et. Veritatis ut ad molestiae inventore non. Sed sit voluptate magni et sed ex. Deleniti praesentium dolores illum suscipit. Quibusdam voluptatem libero facilis non ipsam. Eaque quisquam laudantium quo dicta. Qui molestiae est adipisci ut. Facilis quo excepturi sit voluptatem quod quos. Quia explicabo mollitia quo laborum dolor odit. Ut necessitatibus consequuntur odit doloribus optio enim officiis ut.', '2021-10-02 14:19:11', '2021-10-02 14:19:11'),
(114, 6, 37, 'Magni esse quia labore minus sed. Minima velit velit inventore et. Eos repellat soluta magnam. Quia blanditiis assumenda rerum quae molestiae non corporis recusandae. Voluptates omnis eos eum blanditiis qui quod. Eum recusandae cum unde. Et corrupti doloribus ea repellendus. Ratione molestiae distinctio dolorem cum est fugit sint. Modi labore est totam eaque fugit. Voluptas molestiae rerum molestias quas. Sint fugiat officia quam pariatur fuga at architecto. Officiis explicabo dolores consequatur reprehenderit dolores. Voluptate voluptas temporibus quia est quo omnis nobis. Debitis in deserunt eos numquam quis dolorem. Adipisci temporibus laborum sint. Aperiam eveniet voluptates voluptate animi facere. Corporis illo tenetur omnis fuga. Consequuntur voluptatem pariatur suscipit laboriosam. Maxime dolor minima labore repellat saepe cumque velit. Animi et fuga aut quos ut velit. Et aut dolor tempore perspiciatis.', '2021-10-02 14:19:11', '2021-10-02 14:19:11'),
(115, 3, 54, 'Et vero labore dolores nisi. Numquam eum architecto nihil dolorem consequatur mollitia. Architecto consequuntur dolore beatae rem sed atque. Sint ipsa nesciunt necessitatibus excepturi. Qui aut non veniam dolorem eos cum. Enim adipisci molestiae et. Totam qui voluptatum cupiditate quaerat eaque doloremque. Est et ipsum maiores ad rerum maxime eligendi. Odit sed quod eos est doloribus est et ex. Similique ullam vitae et eos consequatur et in. Suscipit rerum optio sequi deserunt ut. Sed id debitis fugit non sequi quis dolorem. Similique nihil voluptates dolorum eveniet et sit. Distinctio qui quia quo ullam et. Ipsum eligendi laborum sit facilis. Et iste quos illum quia autem ipsa. Iure repellendus laboriosam nihil qui consequuntur molestiae. Sunt eum saepe vero porro quaerat. Molestiae officiis ipsa excepturi qui reprehenderit eum enim.', '2021-10-02 14:19:11', '2021-10-02 14:19:11'),
(116, 10, 50, 'Dicta aut totam veniam qui tempore. Nihil quia eaque voluptatibus et libero ea. Dolorem repellat inventore dolores doloremque. Illum ea commodi ipsam est voluptas dolor. Rem et iusto incidunt. Iure est vitae sequi adipisci porro corporis. Ipsam dolores modi quo vel recusandae. Modi aliquam et ex velit veritatis laboriosam natus. Illo reprehenderit qui placeat possimus corrupti odit. Et sed quae nemo est aut provident odit. Mollitia rerum hic qui fugit iure. Cumque consequatur rerum deleniti nesciunt dicta. Quibusdam esse nihil totam quaerat. Enim qui et rem aut. Odio cumque et et quae. Hic quia deserunt deleniti suscipit rerum. Perspiciatis reiciendis ut sit optio. Necessitatibus amet aut minima cum eum nemo suscipit. Deserunt est dolor vitae ut fugiat. Laudantium voluptas ut facilis nemo id dolor et illo. Velit delectus alias eveniet et doloribus aut. Iusto libero animi ut voluptas voluptas ex. Officia consectetur sed voluptatibus accusantium minus repellendus.', '2021-10-02 14:19:11', '2021-10-02 14:19:11'),
(117, 9, 28, 'Alias aspernatur aliquid fuga ut autem aut sint tenetur. Ad temporibus quae doloremque iure qui autem. Omnis itaque est quis unde et atque non. Aliquid possimus est aut error illo aperiam autem. Cupiditate delectus quis sed fugit aspernatur possimus fuga. Ex eum ab at eos numquam modi repellat alias. Reiciendis similique eos voluptate similique delectus molestiae in. Occaecati corrupti atque nobis consequuntur corrupti ipsam excepturi. Hic quaerat repellendus et ipsum. Qui quasi perferendis deleniti excepturi quia minus. Enim debitis ullam voluptatibus voluptatum. Recusandae occaecati sed quae debitis quibusdam reprehenderit. Beatae ut ipsa molestias aspernatur omnis modi. Iusto sit qui omnis sint. Maxime quis sed dolores. Accusantium est numquam illo. Consequatur molestiae et aut exercitationem voluptatem. Vel architecto eum ipsam earum suscipit. Dolorem eum doloremque autem iste est quos quibusdam provident. Eveniet natus consectetur odio sed inventore veritatis perspiciatis.', '2021-10-02 14:19:11', '2021-10-02 14:19:11'),
(118, 3, 39, 'Delectus deleniti voluptatem deserunt qui qui. Excepturi sequi ea possimus hic praesentium. Dolorem aut non blanditiis. Illo dolores cumque qui molestiae aut dolores. Facilis dignissimos enim quia et. Veniam quaerat quod aut quidem. Quasi aliquid sed eum nihil eius iure ea. Qui pariatur amet quidem ullam. Molestiae perferendis nisi vel libero aut labore. Non aut delectus quo ipsa est. Magnam ut amet voluptatem molestias sit. Eligendi non iusto labore. Perferendis iure at vel omnis similique incidunt. In eos aut tempore ipsam ut. Eum et quisquam qui eius. Officia minus ut quibusdam occaecati. In sit quidem animi alias quo hic alias. Quidem illo ratione ipsam quia. Expedita quia repellat autem quis maxime. Corporis fugiat magnam ex exercitationem. Quidem sunt dicta odit officia inventore illum. Enim non accusamus ut laudantium. Impedit praesentium quae neque earum consequuntur cupiditate qui.', '2021-10-02 14:19:11', '2021-10-02 14:19:11'),
(119, 10, 12, 'Eos nihil numquam officiis. Qui eum ratione molestiae nostrum. Ipsa maxime ut voluptas facilis est molestiae. Similique eligendi quis nostrum est soluta officia. Esse iusto rerum iusto molestiae et. Repellendus repudiandae in assumenda magni. Exercitationem eligendi qui aut explicabo nihil ab harum. Ratione beatae sunt eos id. Praesentium consequatur dicta provident alias. Aperiam consequuntur adipisci qui aperiam iusto ut harum. Dignissimos at reiciendis et exercitationem sit. Fugiat quod eum ut aut consectetur. Minima vel ducimus fugiat in placeat. Ipsa inventore quo qui aliquam impedit laboriosam sit. Earum est dolorem cumque exercitationem ullam. Velit distinctio laudantium quas repellat eveniet nisi. Placeat optio cum sit fugiat fugiat fuga ipsam modi. Quia veniam aut eligendi. Tempora ut aut alias nam atque sequi. Perspiciatis tempore quo est. Blanditiis ea omnis rerum neque necessitatibus accusamus et.', '2021-10-02 14:19:11', '2021-10-02 14:19:11'),
(120, 9, 51, 'Deserunt corporis consequuntur nemo eaque sunt. Aperiam earum et repudiandae eius voluptatum maiores. Reiciendis est error adipisci fuga culpa velit adipisci. Iste eos recusandae non aut mollitia earum ad. Unde optio modi magnam. Voluptates pariatur deserunt illum et ea exercitationem dolor. Delectus labore vel corrupti dicta asperiores tempora. Maiores id laudantium sed eos. Et odio ut assumenda sint ad impedit. Sed error magni aut adipisci. Exercitationem rerum soluta dolores magnam harum. Aut molestiae doloribus soluta assumenda. Laborum velit exercitationem possimus distinctio magni. Cumque ipsa blanditiis et aut. Quo molestiae soluta nostrum quaerat quibusdam adipisci cumque. Dolor veritatis eos repellendus omnis. Eligendi et ut dolore maxime voluptates deserunt. Dolorem sit corrupti voluptatum dolores non vel. Aut ex voluptas porro accusamus.', '2021-10-02 14:19:11', '2021-10-02 14:19:11'),
(121, 9, 32, 'Veniam delectus ullam aperiam quo vel voluptatem. Quas sed nulla odit animi mollitia ab minus. Molestiae vel amet nemo laudantium. Fugiat ut suscipit nihil nam eos quis. Eveniet quo cupiditate in culpa consequatur quibusdam. Consequatur est numquam dolore a qui. Voluptas atque qui facilis qui eaque velit dolore. Adipisci voluptatem et deserunt est iure. Dolor modi est soluta officia. Illo maiores delectus facilis et adipisci totam voluptatem. Aut molestias et exercitationem consequatur consequatur blanditiis et. Aut voluptatem mollitia non dolores. Fuga porro qui harum voluptas in ratione et. Ut saepe dolore commodi accusantium. Sunt earum laborum distinctio quis pariatur consectetur voluptatibus. Excepturi ullam soluta qui. Repellendus dolores velit quod recusandae. Temporibus asperiores nihil velit reprehenderit voluptatem. Itaque saepe adipisci doloribus soluta blanditiis omnis velit.', '2021-10-02 14:19:11', '2021-10-02 14:19:11'),
(122, 9, 13, 'Cupiditate sit qui provident ex earum quo et. Ut ullam molestias consequuntur tempora. Et optio asperiores aperiam enim quam temporibus rerum. Architecto dolor ullam est est quia et cumque commodi. Minus illum natus delectus reiciendis ea. Rerum aut magnam tempora est non sunt quo quia. Odit omnis laudantium sit et dolorum est doloribus velit. Aspernatur tenetur quaerat rerum consectetur quis quam. Porro alias maxime voluptatem et porro libero doloremque placeat. Magnam rem sunt ea officia est eum nam. Odit distinctio expedita explicabo. Suscipit est rem autem sapiente. Modi aut blanditiis eos beatae voluptatem. Nesciunt id rerum autem illum. Sed est cupiditate consequatur officia vero eum quos. Nihil molestias veritatis omnis enim. Ex placeat quos optio dolorem quae aperiam qui. Sit commodi explicabo ab a. Eveniet nam voluptatem dolor eum aspernatur veniam expedita. Sed sint molestiae nemo et sed sed et.', '2021-10-02 14:19:11', '2021-10-02 14:19:11'),
(123, 10, 58, 'Eaque ut molestiae et veritatis. Et reiciendis quaerat qui et. Dolorem velit a aut aperiam saepe consequatur ipsa. Adipisci et et numquam quia quo. Veniam ullam iure dolorum perferendis cupiditate nostrum voluptatibus. Impedit odit voluptas alias explicabo quia. Quos quo sunt et quo voluptatem. In deserunt nam ipsum et similique odit non. Aut non placeat facere quia ut architecto amet ipsam. Numquam sit ut occaecati veritatis omnis est cupiditate. Natus ad dolorem amet velit labore. Et voluptatibus dignissimos eligendi placeat. Illo praesentium vel placeat facilis voluptatum. Illo quisquam sit quo. Magni quas fugiat adipisci suscipit consequatur quae cupiditate voluptas. Ut voluptatem occaecati aliquid et. Voluptatem suscipit error qui. Dolor ut voluptatem quia nemo. Aut aut omnis ut sequi. Culpa dolores occaecati distinctio. Tempore perspiciatis dolorem fugiat rerum consequatur iusto perspiciatis. Velit veritatis ad earum magnam aut aut.', '2021-10-02 14:19:11', '2021-10-02 14:19:11'),
(124, 7, 54, 'Debitis magnam qui nostrum enim voluptas est. Voluptatem velit totam nulla sed aut ut. Eveniet qui rerum qui quae perferendis et sit. Necessitatibus dolore illum ut est qui ea. Natus assumenda repudiandae officiis deleniti et ratione omnis. Vel repellendus vel quis quo est. Voluptas aut sed quis provident voluptas labore. Quia sit et est odio quos. Numquam assumenda cumque molestiae ut non labore. Neque nobis deleniti qui fuga ea. Animi eius quidem sed qui laudantium ut necessitatibus modi. Deleniti odio dignissimos velit est omnis quaerat non. Dolore dolorem suscipit mollitia et exercitationem et saepe eum. Omnis et sunt alias quia. Nihil rem quidem nisi sit. Neque ducimus quis voluptatum quae. Laudantium eveniet ratione labore sed qui. Voluptate ut occaecati aliquam velit amet. Quia esse exercitationem quo rem eligendi. Enim autem illum voluptatum est debitis quas. Unde quas praesentium consequatur et necessitatibus dicta. Rerum similique modi et soluta et.', '2021-10-02 14:19:11', '2021-10-02 14:19:11'),
(125, 1, 53, 'Deleniti vero at in non maxime. Ea qui ratione et illum aut omnis ut. Possimus expedita sapiente aperiam tempora a aspernatur dolor ab. Optio deleniti a quos expedita molestiae. Recusandae et provident fugit labore nihil. Id qui aut sint aut repellendus velit sequi ipsa. Et sit debitis molestiae tempora quo. Quo itaque aperiam consequatur commodi velit. Aut ullam omnis qui ipsum magni voluptas. Ut consequuntur similique ratione consectetur aut eos quas. Perferendis commodi magni dolore fugiat facere. Voluptas molestiae pariatur rerum unde. Dolores debitis omnis animi dicta id quis temporibus. Harum itaque sint aut reiciendis doloribus nesciunt. Quibusdam ut doloribus recusandae ad. Voluptatem ut est et nam ea culpa aperiam. Et magni voluptas quia omnis sunt vel itaque. Quisquam qui eos aut incidunt beatae odio maxime et. Neque fugit neque et rem unde dolore nostrum.', '2021-10-02 14:19:11', '2021-10-02 14:19:11'),
(126, 7, 45, 'Et quasi at aliquam officiis illo quia delectus id. Et veritatis consequuntur a. Laudantium tempora quibusdam impedit odio. Quis adipisci eum et molestias sunt rerum voluptas. Possimus sint ab a. Qui qui quo aliquam aliquid hic aut nobis commodi. Velit voluptas facilis mollitia fugit voluptates soluta consequuntur. Nesciunt dicta dolore molestias porro deserunt. Et suscipit reiciendis error at. Et sapiente beatae ab molestiae nesciunt et repudiandae. Voluptatibus autem quae porro culpa nam. Quisquam cum reiciendis labore. Id qui possimus impedit quam vero provident. Rem voluptate culpa laudantium. Minima aut veniam voluptas qui. Officiis excepturi consequatur necessitatibus rerum sit. Vitae vel saepe exercitationem aut iusto consequatur. Quia unde qui soluta suscipit. Tenetur aut labore in dolorem non. Veniam voluptates nostrum aut eum eos ut sapiente. Est expedita et quis. Neque unde dolor in est.', '2021-10-02 14:19:11', '2021-10-02 14:19:11'),
(127, 2, 24, 'Velit distinctio ad quas dolores voluptatem cumque. Sed et adipisci omnis et. Sequi qui sit sint culpa. Nostrum voluptatem voluptatem molestiae placeat neque animi. Nesciunt earum et exercitationem asperiores voluptas. Et necessitatibus illo ut quibusdam. Debitis consequatur ab dolore nesciunt nesciunt nobis dolorem. Distinctio sapiente saepe aliquid corrupti minima eos occaecati distinctio. Nisi repudiandae qui libero quae est velit enim. Rerum ut expedita nobis itaque. Omnis magnam eveniet quia consectetur quia amet deleniti. Autem nulla natus corrupti accusantium quo atque fugit id. Aut non inventore non repellendus. Animi voluptatem perspiciatis aperiam adipisci doloremque qui perferendis minus. Similique ducimus aut dolore ut laborum earum. Ipsa labore vel pariatur ipsam error fuga. Facere perferendis sed omnis repellendus.', '2021-10-02 14:19:11', '2021-10-02 14:19:11'),
(128, 3, 48, 'Voluptatem eveniet soluta provident. Neque quibusdam eum rem illo accusamus voluptas. Unde ut et suscipit sint ut amet consequatur architecto. Veritatis aut vitae labore sit. Dignissimos sint dicta eos tempora. Dolore error cupiditate non. Consectetur impedit quos itaque beatae ea. Sed cumque repellat illum officia pariatur dolores. Fugiat cum nihil iste architecto. Ullam placeat necessitatibus qui error sint rerum. Id aut est autem ea dolorum. Culpa iure ea earum hic id. Dicta in recusandae accusamus eos. Sint impedit et ut accusamus aut. Rerum quibusdam laboriosam perferendis minima accusantium eum. Quibusdam placeat et et atque temporibus. Hic eum nulla voluptate optio. Ea optio sit iusto aut deleniti provident. Accusamus sunt laborum esse sequi dolores asperiores reiciendis numquam. Harum velit porro fugit.', '2021-10-02 14:19:11', '2021-10-02 14:19:11'),
(129, 6, 29, 'Ut fuga velit nisi molestiae velit. Repudiandae nihil ipsam quia recusandae consequuntur architecto est. Ratione et laboriosam quis beatae id incidunt sit. Vitae quaerat ea aperiam ut eos officia. Occaecati repudiandae laboriosam sunt inventore at. Quia suscipit veniam quibusdam quia et rerum ut consequatur. Adipisci fugit aliquid et repudiandae vel dolores. Impedit tempore quis sed iusto rerum earum. Id reprehenderit quaerat libero eaque cupiditate enim quisquam quia. Ipsam dolore minus consectetur veniam dolorum et rem reprehenderit. Accusantium enim sunt aperiam qui. Atque nisi ipsum accusantium quas pariatur et. Sunt facilis non ducimus voluptatum totam enim porro. Eum tempore quisquam praesentium eos sed voluptas vitae dolorem. Pariatur voluptates est placeat qui.', '2021-10-02 14:19:11', '2021-10-02 14:19:11'),
(130, 4, 60, 'Et quaerat asperiores commodi libero nihil. Excepturi qui maxime hic repellat explicabo cupiditate ut. Nihil non laborum maiores itaque minima at. Aliquid adipisci ut voluptas iste porro dolores quae iste. Voluptates provident eos et quas. Aliquam et est quos earum esse. Distinctio voluptas veniam voluptas ipsam cum autem assumenda. Illo aut eum sit sit ducimus inventore. Quis maxime vel architecto distinctio et et. Beatae voluptatem repudiandae voluptatibus omnis eius sequi quas est. Ab alias at est provident atque omnis. Dolor et aut sed aut vero sapiente. Nesciunt hic eius sit quibusdam voluptatem nam odio. Fugiat molestiae expedita omnis corporis. Omnis accusantium sed accusantium voluptas iusto deserunt officia. Voluptates ducimus impedit velit. Quo recusandae quis et aut. Et vitae aut dolores. Quidem impedit quod adipisci ut illum.', '2021-10-02 14:19:11', '2021-10-02 14:19:11'),
(131, 9, 2, 'Unde officia dolore et maiores doloribus iusto optio. Doloribus voluptate aut rerum quia. In et iusto non dolore vero enim. Molestiae deserunt totam cum et vel. Omnis est aut perferendis repellendus tempore magni commodi. Quis et est eveniet dolor voluptatem reiciendis. Id sed quia dolor consequatur. Nostrum beatae sunt nam cumque nulla. Ducimus soluta laborum consectetur aliquid saepe dicta. Dolorum illo quis molestiae qui assumenda corporis dolores. Quisquam dolores occaecati sequi. Facilis sit incidunt architecto et. Quos amet ipsa accusantium eos numquam consequatur. Ab tenetur magni temporibus voluptatum. Labore ratione totam id tempora. Assumenda dolor doloremque suscipit iste sed. Sed aut voluptate praesentium sed dicta deserunt officiis. Ut quis rerum soluta. Reiciendis odio quo cupiditate quae voluptatibus maxime enim. Quo non quis quas rerum. Numquam ex ut qui rerum vero doloribus.', '2021-10-02 14:19:11', '2021-10-02 14:19:11'),
(132, 3, 33, 'Saepe est corrupti recusandae eaque beatae consequatur qui. Ea ducimus dolorum nihil est. Quis nisi optio expedita harum quis et modi deserunt. Nisi eum esse quod id earum. Repellendus aut doloribus voluptas consectetur. Eum eius illo voluptate officia nam nihil. Eos aut et ut ex voluptate blanditiis. Corrupti fugiat modi quo. Ut iusto est aut rerum. Eligendi libero eos animi assumenda qui repellat. Nam quia labore eos numquam sit vitae ipsa. Ut aperiam suscipit veniam et provident vitae saepe. Sed in exercitationem modi. Commodi qui modi non eveniet quia aliquam tenetur. Vero enim rem possimus deleniti beatae sint culpa. Explicabo provident magnam ut ut dolores iste. Et earum velit placeat illum et eos distinctio. In aut aliquam aut ut. Sed culpa qui distinctio ut expedita illum. Quae nobis nostrum ut veniam officia. Consequatur est assumenda debitis sint eum autem voluptas. Laborum nobis et iure est et eveniet hic. Voluptatem nam minima facere enim et aut sapiente deserunt.', '2021-10-02 14:19:11', '2021-10-02 14:19:11'),
(133, 7, 9, 'Doloremque assumenda provident ad qui nemo labore iure. Iusto similique neque sunt et a autem. Doloremque quas temporibus et aspernatur. Doloribus odit qui illo nemo. A commodi autem ut provident quia. Qui et a unde sapiente et quo. Aut sit atque nihil dolor unde consectetur voluptas. Earum saepe saepe quaerat et autem rerum consequatur. Et doloremque quae qui recusandae. Autem qui consequatur quia totam. Fugiat sit facilis similique deserunt eligendi. Est omnis labore consectetur. Qui ipsam quis ad illum nemo consequatur ab. Assumenda quia blanditiis dolores delectus aut. Omnis aliquid quis illo optio dicta. Similique aperiam eum id nulla blanditiis qui ducimus repellat. Est explicabo quam est sint sint consequatur. Culpa commodi quia culpa ducimus quasi accusamus sit aut. Quos porro cum enim illum. Ducimus voluptatem voluptate quidem atque saepe nesciunt illum omnis.', '2021-10-02 14:19:11', '2021-10-02 14:19:11'),
(134, 7, 54, 'Sunt iste ut corporis cupiditate. Alias autem sed aut occaecati iusto sed. Doloremque qui vel illo tenetur culpa. Aliquid commodi ut qui est. Qui reprehenderit et atque debitis. Ipsa eaque corporis porro minus magnam cumque. Aliquid distinctio voluptatem tempore et sunt illum. Incidunt reprehenderit dolores et labore et. Iste autem earum facilis eveniet repellat quae. Natus architecto autem aut aut. Assumenda voluptatem et ipsa. Illo in sed velit est temporibus consequatur. Repudiandae rem qui vero vel impedit qui. Tempore rerum optio delectus reiciendis consequatur ab. Id et autem repellendus minima soluta aut asperiores voluptatem. Non velit autem est aut vel. Doloremque voluptates rem quia non ipsam deserunt. Velit ut suscipit est omnis est est aut. Aut sint et voluptas tempore. Velit neque reprehenderit harum rerum voluptatem.', '2021-10-02 14:19:11', '2021-10-02 14:19:11'),
(135, 5, 24, 'Vero eligendi distinctio laborum. Delectus consequatur ipsum eius earum corrupti. Accusamus itaque et est odit minima. Deleniti a sint labore sit est recusandae. Magni dolorum ut ut praesentium exercitationem laborum dolorem. Amet et accusantium ratione mollitia voluptatem consequatur dolores eos. Dicta earum sed quia inventore qui. Porro numquam perferendis deserunt ipsa. Nesciunt fuga unde iure alias labore sapiente soluta omnis. Molestias voluptatem autem perspiciatis et commodi reiciendis. Ex id iusto unde sunt facilis laboriosam magnam. Perferendis provident consequuntur a et omnis sunt. Aut quisquam voluptatem et consectetur. Impedit sed similique aperiam cumque rerum. Illum quisquam voluptatum ducimus non minus magni et aut. Dolor voluptas officiis tempore. Repellat alias quibusdam repellat quae. Quia at blanditiis suscipit explicabo officiis deserunt et. Cum molestiae ipsam repudiandae quo eaque. Quaerat voluptatem omnis dolorem. Error qui recusandae officia.', '2021-10-02 14:19:11', '2021-10-02 14:19:11'),
(136, 3, 3, 'Qui fuga perspiciatis nisi ipsum at vel et. Voluptas officiis dicta voluptatem porro odio. Est eius beatae dignissimos non. Aut aut laudantium aut aspernatur tempore. Quod a hic nisi non dolore sint et aut. Eligendi laudantium maiores ipsum ad libero eos. Et aliquid sed a consequatur. Eos quo soluta corrupti non id. Fuga dolorem omnis ut quaerat. Placeat qui rerum est veniam. Iure aperiam ipsa ad vero id et. Pariatur omnis in id et. Labore occaecati ea vero laboriosam iure aliquid. Ipsa iusto veniam optio quam reiciendis. Iure neque sequi qui quo occaecati labore unde reprehenderit. Ducimus id at quod et beatae aut. Eligendi harum numquam adipisci ut. Recusandae et doloremque harum quam est fugit non quisquam. Ipsam rerum veritatis consequatur harum repellat laborum facere non. Ea et tenetur sunt culpa odio magnam. Hic nostrum ut cum temporibus eligendi voluptatem.', '2021-10-02 14:19:11', '2021-10-02 14:19:11'),
(137, 5, 27, 'Et qui autem ratione aut quia. Eligendi commodi quis et totam facere ipsum voluptas. Et consequatur esse dolorem. Rerum corrupti incidunt eaque inventore quo. Est neque est consectetur quam debitis laborum. Est optio quisquam perferendis perspiciatis excepturi. Asperiores eum non facilis assumenda reprehenderit enim. Et cumque quaerat doloremque laudantium eveniet voluptas optio. Soluta et voluptates omnis illum aliquam. Ratione aliquid sed excepturi ducimus similique et deleniti officia. Est sapiente sapiente molestias saepe dolores. Magnam sunt rerum qui dolorum. Minus odit dolores atque porro perspiciatis dolor rerum minima. Corrupti facilis beatae praesentium praesentium rerum. Et voluptatem maxime et unde eius odio sed rem. Minima sit veniam architecto. Quo laboriosam temporibus perspiciatis dicta facere id ipsa. Rerum labore similique et autem eius non. Inventore sunt aut facere ad veniam ea et quos. Consequuntur architecto doloremque velit iste reprehenderit quibusdam aut.', '2021-10-02 14:19:11', '2021-10-02 14:19:11'),
(138, 5, 45, 'Rerum dolorem quia in a omnis facere porro. Enim voluptates cum asperiores qui illum sunt rerum. Non quod aut aliquam dolor. Et debitis reiciendis illum eos ad rerum in. Officiis non doloremque est. Rerum quo et consectetur amet occaecati est natus. Tenetur dolorem praesentium atque cupiditate ratione. Et quod sit non et et dicta sed. In molestiae dolorem est et eius repudiandae. Facilis doloremque reprehenderit voluptatibus et velit aut. Possimus magni aliquid totam suscipit nisi. Qui dignissimos perferendis qui totam ut quis. Sit esse aliquid rerum aspernatur rerum. Expedita nemo enim et tenetur. Illo et aliquam et est repudiandae. Culpa optio laboriosam temporibus distinctio sint aut vitae aut. Nihil dicta aliquam vel ipsa aspernatur harum. Beatae temporibus illum omnis animi odit. Beatae est dicta quia cum sequi maxime. Molestiae et animi commodi sed.', '2021-10-02 14:19:11', '2021-10-02 14:19:11'),
(139, 3, 22, 'Tenetur pariatur illum minima nesciunt eum quam qui. Et sint quo voluptas natus quia eum. Eum et velit minus et. Sit quisquam cum fugit et minus quaerat. Ex et ut voluptatem saepe saepe nisi perspiciatis. Nulla esse exercitationem porro eos fuga laboriosam. Officia debitis exercitationem ut iste deserunt quaerat. Accusamus laborum aliquid magnam eos cum pariatur vero. Quisquam aut sit quisquam rem quos rerum. Iste nobis ducimus suscipit mollitia. Enim sunt tenetur ab. Quis in earum sed aspernatur impedit ut. Incidunt dolorem beatae magnam dolorem. Et et inventore rerum modi molestias est esse. Labore voluptatem praesentium perspiciatis hic dolores totam. Voluptatem quia quisquam earum distinctio. Sunt excepturi qui dolore voluptatem aut amet. Nam deserunt incidunt similique necessitatibus quia. Ut recusandae repellat culpa voluptas. Voluptatum possimus omnis consequatur. Dolor ullam temporibus quas vero.', '2021-10-02 14:19:11', '2021-10-02 14:19:11'),
(140, 7, 1, 'Vitae sed commodi voluptatem repudiandae quia. Soluta quas corrupti et. Officia et ipsa ut adipisci ipsam optio. Alias modi dolore ipsum cumque similique aut. Quibusdam qui qui quis doloremque. Officiis est ut minus ut fugiat nulla corrupti molestias. Atque qui eaque magnam molestiae. Omnis laborum et quibusdam consequuntur voluptatibus omnis odio laborum. Harum asperiores ex tempora qui dolorem. Laudantium aut autem quo nam. Quae sapiente dolor consequatur doloribus quis ut. Numquam fugiat occaecati rerum animi eum est non. Non ullam et excepturi. At explicabo tenetur adipisci amet laboriosam hic ipsa. Facere consequatur laboriosam voluptatem nam quis. Aspernatur quo sint eius occaecati aspernatur. Molestiae eum harum asperiores ut consectetur. Voluptatem enim est dolor fuga. Nihil doloribus aut sit aliquid dignissimos nihil voluptatem. Autem aut praesentium ad occaecati voluptatibus.', '2021-10-02 14:19:11', '2021-10-02 14:19:11'),
(141, 4, 52, 'Corporis laboriosam eum velit quia labore et facilis. Quibusdam dolores voluptatibus accusamus neque eaque molestiae. Occaecati saepe voluptates ratione. Dolor atque perspiciatis consectetur ipsa eos quam unde. Qui eligendi similique esse molestiae id. Recusandae labore ipsam alias eos voluptate. Qui et fuga quas nemo voluptatibus fugiat. Facilis sit officiis occaecati officiis. Totam ipsum sequi at facilis. Cumque molestiae cum omnis placeat accusamus. Ipsam architecto fuga dolores minima error cumque. Ab totam aspernatur ea ducimus eius. Sint quis accusantium est. Accusamus beatae beatae sequi est possimus sed. Possimus nemo delectus officia. Et vel laudantium omnis temporibus consequatur ipsum. Officiis earum sit tempore debitis ut dolores id. Magni libero sint ut tempore pariatur. Sit atque at consequuntur blanditiis rerum commodi. Consequatur occaecati illo ipsa possimus commodi. Sint quod placeat consectetur quia est ut reprehenderit. Dolore sint ut unde ipsa.', '2021-10-02 14:19:11', '2021-10-02 14:19:11'),
(142, 4, 26, 'Fugit possimus maxime cupiditate nulla est reiciendis quae error. Sed et veniam quam eaque odio. Expedita sint sapiente non ad. Enim consequatur sit fuga ut consectetur veritatis maxime inventore. Iste quam autem dignissimos assumenda facere. Voluptatem aliquam velit cumque voluptas facere veritatis iste. Sapiente sed et nihil vel. Velit temporibus beatae occaecati sunt praesentium. Vel ut minus repudiandae ut ducimus et eos. Et ipsam ab quia aut laudantium nemo facilis debitis. Sed quae consequatur est officiis in magni. Quam dolores qui consequatur fugiat assumenda. Assumenda est quia quam rem ab incidunt qui. Cum molestiae aut a tempora. Illum quibusdam quos voluptas nihil illo magnam eaque. Commodi nobis amet earum quo laboriosam blanditiis consequatur mollitia. Facere sed perferendis iste placeat et. Quasi explicabo ratione voluptates aut incidunt et in. Qui iure ut modi laborum.', '2021-10-02 14:19:11', '2021-10-02 14:19:11'),
(143, 5, 31, 'Et eveniet explicabo asperiores ad iure molestiae asperiores odio. Quia cumque cumque enim ratione consequatur facilis. Inventore nemo est consequuntur facilis. Ipsam quis odit impedit nam rerum sint dolores dolorum. Quia corrupti sunt esse cupiditate in. Aut nobis magnam nisi praesentium et tempore. Et velit inventore atque. Quaerat fugit sint fugiat a. Rerum voluptate sunt et qui consequatur. Id ipsa necessitatibus et pariatur occaecati ad et ad. Quia aperiam enim eos harum quia quis. Eos id praesentium aperiam sit unde. Est quod eaque laudantium et. Corrupti quia saepe et ipsam vero inventore fugiat. Amet qui molestiae dicta quo deserunt iure. Occaecati id iure ipsam maxime. Cumque voluptatem sit est repudiandae quibusdam. Sunt maxime voluptatem rem enim perferendis. Beatae officia quam totam dicta excepturi earum ut.', '2021-10-02 14:19:11', '2021-10-02 14:19:11'),
(144, 9, 3, 'Illum ut quasi esse. Animi repellat laudantium quisquam natus omnis officia vitae. Laudantium ut harum repudiandae libero. Nihil eaque sit et. Sit possimus rem pariatur omnis. Quo et temporibus sint. Nobis quia labore sunt est voluptates deserunt. Ullam dolor facere voluptatum cumque magni animi aut. Aut dicta provident ducimus aut labore nam earum. Voluptas necessitatibus molestiae ipsam sapiente ut qui aut alias. Et facere ipsam id fugiat quibusdam voluptate velit voluptatem. Velit aut doloribus animi rerum aliquam molestias. Dolor voluptas doloremque repellendus doloremque et et. Accusamus tenetur nam nemo excepturi nostrum commodi perferendis. Perferendis exercitationem aut qui sit architecto nesciunt fuga. Optio eum voluptatem et aliquam rerum autem cum. Nisi laborum vel quae voluptas quam nihil. Placeat molestiae numquam dicta ut perferendis rerum. Ut facilis illum facere fugit consequatur enim id.', '2021-10-02 14:19:11', '2021-10-02 14:19:11'),
(145, 4, 13, 'Animi optio quia fugiat perspiciatis architecto cum minus. Facilis et ipsam ut sit repudiandae nobis cumque. Dolorem doloremque minus voluptatem sint itaque ipsum. Consequatur sed qui iure excepturi numquam. Sed adipisci quod harum. A voluptatum optio sed impedit qui occaecati. Dolor nulla doloremque hic sunt optio sit. Corrupti quam id aspernatur molestias nisi omnis quia. In occaecati aut aut animi laboriosam iste. Ipsum non et dolorem optio. Et hic eaque consequatur at laboriosam totam. Eos dolorum ut rerum quisquam sed nihil. Qui quisquam maxime nostrum exercitationem. Ratione cumque qui temporibus ea inventore iusto. Porro reiciendis architecto ut voluptatem provident quia et. Debitis voluptas cumque repellendus possimus aperiam aut aliquam. Et voluptatem non repudiandae distinctio sunt magnam. Adipisci sequi aperiam eaque dolor consequuntur. Tempore ea autem dolores consequatur repellendus perferendis rem quia. Amet est sapiente quibusdam laudantium amet dolorem quaerat.', '2021-10-02 14:19:11', '2021-10-02 14:19:11'),
(146, 2, 15, 'Aspernatur est molestiae et et maxime earum commodi earum. Iusto ut libero et ipsum et. Distinctio explicabo et quos est laboriosam minima numquam. Qui aut amet aliquam id quia. Sunt magnam blanditiis accusantium assumenda ea nulla necessitatibus et. Rerum id eveniet eveniet ducimus eos voluptate labore earum. Ratione aut suscipit facilis veniam eveniet fuga natus. Architecto nesciunt commodi quasi numquam eum molestiae. Dolor at reiciendis accusantium tempora voluptatibus. Eveniet nihil nostrum vel ad. Pariatur aut dolores sint perferendis qui minima est et. Nulla error temporibus voluptas quis. Quaerat magnam sed ullam quisquam quia. Et et voluptas ut vel. Omnis explicabo consectetur sit explicabo. Occaecati nostrum debitis similique beatae sed adipisci voluptas. Consequuntur dicta quasi quaerat. Dolor ut dolorem velit eos velit quos. Cum perspiciatis facere incidunt. Voluptatem similique quidem corporis.', '2021-10-02 14:19:11', '2021-10-02 14:19:11'),
(147, 8, 61, 'Sit sequi illum enim voluptatem aliquam velit commodi. Necessitatibus reprehenderit ut at officiis. Deserunt adipisci eum autem veritatis. Sunt facere ea numquam ut. Minima repellendus illo quia odit. Sapiente ut non voluptatem nam dolorum architecto. Excepturi et eos sed dicta ipsam et aut. Et quisquam laboriosam sunt totam. Ad eos iure vel reprehenderit recusandae error. Suscipit omnis blanditiis enim sed a. Fugit eveniet omnis at ea dolorem. Et modi velit dolor inventore dolores doloremque. Libero quia eaque ipsa maiores. Et quo magni eos aut. Eligendi et porro nihil quidem accusamus. Cupiditate minima quis maxime. Fugit ut veniam sint a quia. Nisi dignissimos necessitatibus quis eveniet quia cum. Culpa dolores vitae autem unde adipisci ut. Illum omnis rerum nesciunt vel enim. Praesentium sapiente voluptas culpa eligendi. Iusto numquam libero eum aut.', '2021-10-02 14:19:11', '2021-10-02 14:19:11'),
(148, 8, 31, 'Sed voluptas unde rerum cum sunt saepe. Ipsum earum ut dolor voluptatum asperiores non ipsa doloribus. Quas culpa veritatis officia iusto aut. Et ipsam et ut voluptatem ratione sit porro. Et consequatur totam rerum et blanditiis dolorum. Laudantium molestiae quis enim vero in. Totam rem reiciendis eius est magnam quis magnam. Reiciendis ipsa cupiditate nisi. Voluptatem illo possimus quos doloremque. Quae quasi et aut numquam. Quo et rem est vel fuga quas. Impedit est laboriosam enim reprehenderit ullam dignissimos omnis voluptas. Et officia explicabo fugiat maiores. Sunt voluptates nihil explicabo. Odit asperiores velit incidunt quia. Eum quia libero quia laboriosam expedita aut. Consequatur culpa soluta est optio in. Consectetur eaque cupiditate nulla consequatur aut qui blanditiis. Quam ad quibusdam dolorem repellendus non voluptas quia. Sed nam neque necessitatibus unde repellat et. Delectus eum esse et consequatur. Ipsam nisi dolor non quaerat dolor vero.', '2021-10-02 14:19:11', '2021-10-02 14:19:11'),
(149, 3, 59, 'Voluptatem autem vero voluptatem corrupti perferendis et. Aut numquam quis alias corporis recusandae dolorum. Et quos temporibus labore minus. Omnis quis minima dolore cupiditate nemo nihil. Eum tempore odit nulla cumque exercitationem. Neque sed aliquid architecto dolores. Molestiae in molestiae eum qui. Iusto consequatur voluptas officiis quibusdam necessitatibus. Vitae totam nisi et. Voluptatem quae omnis nam laboriosam consectetur voluptatem ut et. Error dolorem earum assumenda corporis possimus eligendi perferendis. Eos quidem maiores animi rerum blanditiis. Veritatis numquam rem error. Omnis sit eum possimus. Laborum voluptatem ut et delectus dicta. Vel inventore ipsam ipsum blanditiis quae cum laudantium. Occaecati fuga est nam architecto. Numquam debitis sint pariatur ea sed voluptatem.', '2021-10-02 14:19:11', '2021-10-02 14:19:11'),
(150, 6, 4, 'Et ea in in sed quo. In laboriosam placeat architecto cupiditate. Illo temporibus esse et ea incidunt veritatis. Aliquid dolor sit doloremque dolorum ratione non sequi temporibus. Provident aut facere animi suscipit harum non ipsa. Et quia aut vitae cum. Accusamus ut quibusdam mollitia repudiandae tenetur. Vel aliquid aperiam nulla aspernatur. Molestiae eligendi corrupti animi at voluptatibus. Sit dolores sunt repellendus aut quasi et. Tenetur omnis quos ipsum. Dignissimos nemo quae quo laboriosam laborum. Et omnis repellendus voluptas officiis dolor dignissimos nesciunt. Aut eos aut minus error exercitationem est optio laudantium. Nemo nulla temporibus eos sint quia facere est numquam. Deleniti qui dolorum velit est quia. Illo aut non modi iure mollitia. Ipsam consequuntur sed consequuntur molestiae sint. Est minus est qui in excepturi facilis aut. Aut ad aperiam voluptas magni repellendus vel quia.', '2021-10-02 14:19:11', '2021-10-02 14:19:11'),
(151, 3, 5, 'Iste sed nemo quas et vel molestias. Sit illum placeat harum et sit totam laudantium quasi. Earum quasi assumenda neque exercitationem illum. Architecto eveniet numquam dolorem dignissimos. Molestias minima nam ad qui vitae. Asperiores fuga neque odit quaerat inventore veniam. Dolorum incidunt reprehenderit quaerat repudiandae. Autem ea quia rerum quidem. Dolore ducimus non architecto cum officia error voluptatem. Officiis non ut occaecati et. Pariatur id consequatur sit eius qui laboriosam. Et ut quis necessitatibus vel dolorem voluptates accusantium repellendus. Aut eveniet dolor velit et sed. Blanditiis est provident ab iure. Amet ut provident tempore consequatur eum qui quibusdam. Necessitatibus recusandae facilis consectetur et incidunt voluptate. Et voluptatem fugiat sapiente illum.', '2021-10-02 14:19:11', '2021-10-02 14:19:11'),
(152, 1, 23, 'Non dolore corrupti incidunt sit. Rem aut ullam reiciendis maxime. Corporis vel fuga maxime. Magni illo dignissimos neque odio iure iste sed. Qui amet a autem ipsum aut. Sint ipsum aut labore sequi. Veniam vel sapiente soluta velit ipsa voluptates. Voluptatum voluptatem commodi quia asperiores laboriosam. Eos enim officia possimus distinctio minima. Tenetur aut quo architecto soluta. Sit facilis molestias vero et repellendus. Error vero soluta vel iste soluta. Voluptatum non quod autem natus consequatur. Laudantium sunt possimus in sint ex possimus facilis. Tempora nulla repellat sint qui. Sed deserunt vel modi totam sit sed. Labore iste sunt odit quia. Eveniet voluptatem velit enim illo soluta. Et et perspiciatis quasi excepturi fugit alias maiores. Dignissimos sunt officia repellat soluta est. Vel vel provident quia aliquam minima dicta perferendis. Voluptas earum fugiat est recusandae. Eligendi aut illo architecto quia consequatur quos.', '2021-10-02 14:19:11', '2021-10-02 14:19:11'),
(153, 10, 31, 'Saepe nemo cumque deleniti voluptas quo. Amet dolorem magnam possimus. Provident et eum autem nostrum in repellendus illo. Animi est voluptas vel qui fuga. Quia quibusdam pariatur nihil. Eaque qui non sunt in. Totam at nobis et rerum. Voluptatibus delectus est velit ea qui inventore aut. Vero magni eligendi beatae voluptatibus architecto explicabo. Ex ducimus exercitationem libero debitis voluptatum. Quae et cumque suscipit dolorum quia et omnis. Porro rerum quis cum laudantium dicta voluptas vero officia. Adipisci consequatur incidunt itaque molestiae nobis. Non ullam labore fugiat ut. Et ut quod quisquam magni iusto officia cumque. Suscipit quis accusamus corrupti laboriosam non doloribus. Molestiae quo dolore omnis dolor modi quidem quaerat. Voluptas unde quia nulla provident enim. Delectus at nesciunt eaque pariatur. Adipisci est blanditiis quaerat quo. Quia sed est fugiat culpa officiis sit. Perferendis ut facere beatae. Fuga sit assumenda ex delectus.', '2021-10-02 14:19:11', '2021-10-02 14:19:11'),
(154, 1, 48, 'Dolorem animi nihil aut eius modi ut. Ipsam qui nesciunt explicabo molestiae iure quis quia. Quaerat dolorem tenetur earum quos itaque non et aut. Deleniti velit cupiditate odit. Magni sint reprehenderit sed soluta quasi aut iste. Dolorem impedit accusantium et et consectetur. Adipisci nihil consequatur consequatur et laudantium sed. Ex quo dolorem aut delectus possimus. Esse ut facilis quisquam et praesentium. Consequuntur velit quia consectetur rerum cupiditate autem sunt. Doloribus et et nobis enim cupiditate aut doloribus. Repellat at quod aut impedit amet quibusdam. Odit quo officiis incidunt facere. Numquam ad ut sunt sed eaque aliquam dolorem. Dolorem aliquid non id esse doloribus amet. Corporis natus sapiente quas. Incidunt et quod iusto voluptas non. Sapiente ipsam ad quis itaque ducimus ut. Delectus praesentium minima doloremque. Velit iste occaecati blanditiis ut dolorem possimus minima.', '2021-10-02 14:19:11', '2021-10-02 14:19:11'),
(155, 1, 9, 'Eveniet enim enim dolor recusandae culpa voluptas molestias. Est in possimus ex dicta. Facilis ut odit debitis praesentium illum illo. Rerum excepturi ut quis earum. Voluptates quas quaerat omnis et adipisci. Natus perferendis consequuntur illum doloremque. Vel dolores ipsam omnis velit aliquid. Quasi beatae adipisci nihil et. Blanditiis qui ut et iusto incidunt distinctio occaecati. Ea dolorem non vitae provident nam consectetur qui. Ratione dolorum ullam placeat ducimus. Praesentium in voluptatem quae et quis eos illo unde. Nisi sapiente suscipit odio aliquid necessitatibus cumque. Assumenda iste tempore quaerat. Error ipsa soluta aut quam eaque perspiciatis sit. Quis suscipit aut perferendis. Totam quos dignissimos totam qui. Ex dolores deserunt nam similique est natus soluta nisi. Consectetur molestiae impedit eos nam impedit.', '2021-10-02 14:19:11', '2021-10-02 14:19:11'),
(156, 8, 31, 'Earum consequatur qui vitae fugiat quae dolores dolore sequi. Doloremque et velit nihil consequatur est. Non rerum porro ad quia eum officia et. Aut vitae consequuntur nihil animi libero omnis a vel. Rerum aliquam dolore saepe voluptate nesciunt nobis. Architecto rerum et est id blanditiis id corrupti. Minima in eum hic corporis iusto odio. Porro voluptatibus odit perferendis magnam fugiat sit. Et doloremque inventore voluptatem velit reprehenderit tempore. Sit nam ea consequatur. Dolor sequi ea quia porro ipsum fuga. Similique ut quia dolores quo repellat maiores ut. Natus perspiciatis error quis quia. Voluptatem ad aperiam nemo unde pariatur amet explicabo harum. Officiis ut inventore illum ut blanditiis odit. Aut ratione illum eligendi voluptas. Repellat rerum deserunt sed libero consequuntur. Dicta dolorum enim inventore et. Hic aut et quod illo molestiae aut perspiciatis labore.', '2021-10-02 14:19:11', '2021-10-02 14:19:11');
INSERT INTO `comments` (`id`, `user_id`, `product_id`, `body`, `created_at`, `updated_at`) VALUES
(157, 8, 34, 'Autem iusto ipsum quidem numquam inventore. Sed incidunt molestias error voluptas quia officia. Sequi aspernatur ut expedita et quod. Autem accusantium fugiat ut. Quod perferendis voluptates dolore non voluptate ex omnis. Vero quae voluptatem provident saepe possimus ipsam corrupti nisi. Ducimus expedita pariatur hic omnis id nam quae distinctio. Et qui quia est pariatur. Voluptate nobis accusantium doloribus soluta perferendis qui sequi. Voluptatum sint repellat aliquid voluptatem qui. Quas quisquam perferendis est deserunt autem hic officia. Laudantium pariatur impedit reiciendis architecto ut. Sit porro laboriosam consequatur blanditiis et. Porro sunt magni sunt incidunt. Odio ex at et natus. Sequi qui natus tenetur consequatur itaque. Voluptatibus delectus laboriosam minima eum et. Placeat occaecati aliquam praesentium dolor dolorem odit. Enim corrupti ut est necessitatibus soluta saepe.', '2021-10-02 14:19:11', '2021-10-02 14:19:11'),
(158, 9, 29, 'Repellat voluptatibus eum possimus hic in nisi consectetur. Et harum nemo non magni. Fuga dolorem dolorum labore dicta sed molestiae. Aut quaerat quas qui dolorum ratione. Natus beatae atque vel optio ut placeat est. Repudiandae consequatur et deleniti ut. Cumque ad sit ratione velit. Odio quod similique harum sapiente at rem. Exercitationem voluptas harum eius aperiam voluptatem recusandae a. Odit voluptatum ea tempora aliquam aut modi. Exercitationem excepturi eligendi sunt vel delectus non. Ut illum porro numquam. Sit et tempora sunt similique maiores laudantium aspernatur. Odio maiores reprehenderit dolores in esse sed ut. Sit nostrum sunt vel ullam. Sit est est ut accusamus est. Sint illo minima laborum consequuntur vero. Enim fugit eaque odio dolore et. Maxime qui exercitationem exercitationem soluta. Similique voluptatibus et optio minus. Ducimus id vel vero voluptatibus exercitationem officia. Ea natus enim optio nam. Eos sunt eos sit neque atque.', '2021-10-02 14:19:11', '2021-10-02 14:19:11'),
(159, 10, 57, 'Dolorum perspiciatis enim exercitationem quia et sed nulla. Nostrum nam dolorem autem ut deserunt ut illum. Qui architecto et fugiat qui odio necessitatibus debitis. Voluptas molestiae rerum sed sint. Qui libero hic ex quis tempore magnam at quia. Ab harum et sit distinctio rerum similique. Voluptas velit animi recusandae rerum. Ratione possimus ut aut animi expedita atque laborum voluptas. Sint necessitatibus quo ea ab ea dolorum. Consequuntur cum eos eum quis corrupti. Eum odit perspiciatis vero sit et. Molestiae nostrum a magnam. Dolores possimus et tempore atque corrupti odio minima. Sint accusantium harum ipsa aliquam exercitationem vel. Nulla porro et necessitatibus. Eveniet quaerat enim qui enim molestiae in. Ut optio tempora eligendi est aut animi. Consequatur at aliquid corrupti animi. Eveniet optio reprehenderit assumenda consequatur. Debitis illum veniam perferendis dolorem necessitatibus sit. Velit porro sint at est ab in perferendis quam.', '2021-10-02 14:19:11', '2021-10-02 14:19:11'),
(160, 9, 55, 'Fugit aliquam ea ut non quae. Veritatis consequatur voluptas et quaerat rerum et eos. Quas mollitia minus et quis laborum non ullam. Illum laboriosam consectetur earum sint. Ea corrupti fugiat maxime ad qui optio. Ipsam ea est fugiat quo fuga. Accusantium illo quae nihil doloribus sed. Est nam officia molestiae sit necessitatibus quaerat. Autem fugit et voluptatibus. Rerum sed quibusdam corporis aliquam distinctio ea voluptatem. Quis quo aperiam est nihil numquam repellendus sint placeat. Sit quae quo iste qui accusantium. Vitae sint dolorum illo ut. Ipsa voluptatem quidem esse autem qui. Placeat id esse voluptatum. Perferendis sit perferendis et explicabo corporis. Eos rerum recusandae sed officiis. Fugit dolorem dolorum sequi porro eos. Illo corrupti non facilis tenetur velit. Doloribus voluptatem molestiae ratione laudantium. Et sapiente optio adipisci et. Quibusdam et sint sed vero. Esse nihil omnis et itaque. Rerum tempora numquam in vel et aliquam omnis.', '2021-10-02 14:19:11', '2021-10-02 14:19:11'),
(161, 5, 58, 'Et aspernatur nam quibusdam voluptates qui. Enim rerum doloribus quae ut quod. Labore qui rem ducimus quo repellendus. Fuga qui sed occaecati aliquam tempora sit delectus. Eum sapiente enim aspernatur cupiditate repudiandae. Laudantium porro voluptas non. Et voluptate quia culpa asperiores odio fuga quae. Hic voluptas nostrum excepturi enim. In fuga dolor alias aut enim. Veniam earum qui aut est possimus veniam et. Consectetur qui perspiciatis maiores dolore voluptatem deserunt aut odio. Quos nulla ad enim ad. Et tempore accusamus magni aut. Repellat nihil rem sunt qui est omnis. Quam deserunt iure est non eum. Debitis quos sed provident et qui veniam. Officia perferendis inventore numquam laudantium. Quaerat veniam quis tempore nulla hic sint autem eius. Occaecati et similique corporis voluptatem atque hic. Ipsam ea consequatur et architecto culpa vel sunt. Ea qui voluptates ut sint aut repellendus. Dignissimos possimus dolorem tempore sit omnis quidem neque non.', '2021-10-02 14:19:11', '2021-10-02 14:19:11'),
(162, 4, 48, 'Dolor est fugiat alias adipisci qui culpa. Voluptatem sed quia omnis dolorem ipsum et. Qui libero sint quibusdam excepturi mollitia. Est animi dolores et excepturi cupiditate. Accusantium omnis possimus eos maiores. Blanditiis qui debitis molestiae incidunt dolorem. Non error est nam ex ipsum est facilis. Eius expedita blanditiis quibusdam id alias enim. Repellendus qui corporis et quae ab molestiae. Eum vel eum doloribus eos aut rerum. Id voluptas illum quibusdam similique. Quia qui facere ex placeat ducimus. Voluptatem ut nostrum consequatur. Quis quibusdam rerum nobis quibusdam enim consequatur. Quo quisquam voluptatibus recusandae amet nihil deleniti. Maiores dignissimos qui vitae consectetur est sed dicta repudiandae. Est rerum asperiores aut quo eius. Similique est facere explicabo ex occaecati excepturi.', '2021-10-02 14:19:11', '2021-10-02 14:19:11'),
(163, 1, 22, 'Cumque at eveniet praesentium unde eius et. Temporibus ut eos omnis nihil provident atque. Et facilis est voluptatem rerum maiores eius. Quisquam repellat eos et odio ex totam. Corrupti velit repellat qui officiis. Sed ut impedit quas pariatur provident pariatur eveniet. Aut laudantium voluptatem temporibus repudiandae. Doloribus ut sint voluptas voluptas repellendus. Sed enim qui magni voluptatibus itaque quis beatae. Impedit dicta illo ducimus aut corporis sint quia nemo. Fuga in non nihil. Quis nemo laboriosam repellendus earum laborum corrupti iure. Vel quidem qui et cum at quia facere. Molestiae enim quod sed amet beatae eum quasi. Non neque eligendi est tenetur. Et ex quas debitis pariatur. Et aspernatur ea rerum delectus et nihil non. Sunt eum dolores sed aliquid ea unde. Vel iusto cum sed eveniet repellat quae. Est voluptas et porro debitis qui.', '2021-10-02 14:19:11', '2021-10-02 14:19:11'),
(164, 5, 29, 'Officiis quia et dolor odio. Iusto voluptates facere et et quae iste nesciunt ut. Est harum labore debitis amet amet et ea. Accusamus omnis sit quisquam cupiditate. Nulla ab quam aut ratione nemo. Qui quaerat quibusdam ullam sequi aliquid dolores molestias officia. Eius perferendis reprehenderit omnis minima modi in. Ipsam non sed officiis laboriosam dolorem dolores. Earum deserunt quos iste omnis vel. Labore libero fuga est tempore eum ullam consequatur sed. Atque consequatur quod eos iste recusandae eligendi impedit. Nesciunt voluptatem corporis consectetur voluptatem quas atque. Accusamus non tempore quos harum mollitia. Dolor eum id quasi qui facilis quam doloremque. Voluptatibus ut et id sunt officia quo ut quia. Aut a neque eum qui voluptates quidem aut. Sint architecto recusandae qui sunt. Laborum facilis et veniam maxime consectetur earum. Ullam vel molestiae aut adipisci aspernatur.', '2021-10-02 14:19:11', '2021-10-02 14:19:11'),
(165, 6, 33, 'Et quo odio cum necessitatibus. Incidunt illo quis voluptatum consectetur incidunt. Aut animi laboriosam quos vero quae ut. Dicta sed esse quas qui architecto quos numquam. Reiciendis repellendus veniam molestiae voluptatem nisi. Corrupti vitae tenetur unde neque qui deleniti. Quae quo cupiditate enim expedita iste. Omnis sed temporibus consectetur provident placeat excepturi illo. Et quia autem consequatur. Iusto sunt sed assumenda est voluptatum est. Voluptatem dignissimos quae aut rerum voluptate amet. Et rerum aut temporibus earum omnis earum. Qui temporibus repellat eum incidunt qui. Et vero dolorem in debitis consequuntur non cumque. Nisi et quos incidunt quisquam deleniti sunt. Quisquam repellendus et sit dolor ullam est et. Blanditiis vitae rerum exercitationem itaque quia dolores et dicta. Tenetur eaque voluptate debitis quia placeat quos. Quia mollitia eos libero dicta omnis.', '2021-10-02 14:19:11', '2021-10-02 14:19:11'),
(166, 7, 25, 'Et eum voluptatem id fugiat harum. Dicta magni eaque est voluptate. Explicabo velit enim harum praesentium eum nihil. Voluptate voluptatem est reiciendis sunt. Voluptatem voluptatem expedita pariatur est est. Atque ipsa voluptas occaecati vero explicabo ut. Facilis excepturi commodi aliquam et aut eaque. Nam voluptatem odit non adipisci. Distinctio accusamus in cum dolor. Est dolores dicta id quis est beatae reiciendis. Veritatis fugiat perspiciatis voluptates. Labore odio sit a velit commodi. Exercitationem ut exercitationem delectus assumenda voluptate. Dolorum deserunt dolorem qui ratione fugit accusamus. Quas labore fugiat pariatur numquam non et. Ex minus ut laudantium dolores. Voluptate fuga ut voluptatem. Voluptates ut non qui delectus sit. Nesciunt perferendis fugiat dolores fugiat beatae. Harum et labore esse repellendus sed.', '2021-10-02 14:19:11', '2021-10-02 14:19:11'),
(167, 9, 21, 'Ad esse hic distinctio dolores eos. Ullam ducimus magni et est sint sequi. Ex omnis sit praesentium facere vel sunt. Voluptatibus perspiciatis qui maxime dolores iure. Est qui vel consequatur ex dolores. Omnis saepe eaque nostrum laborum facere quasi. Autem vitae consectetur sit placeat. Ipsum maxime id commodi sint consequatur quisquam veniam. Rerum labore officiis dolorem nesciunt maiores. Aspernatur inventore debitis possimus facere. Exercitationem sequi soluta sapiente aut consequatur omnis aperiam. Autem consectetur at numquam. Odit dignissimos libero necessitatibus velit sed enim consequatur. Velit voluptatem dolor quia delectus possimus. Nostrum harum vero laboriosam sed necessitatibus dolorum. Nulla est consequatur accusamus voluptatem alias adipisci a eligendi. Explicabo omnis eos doloremque facilis ex aperiam similique ducimus. Architecto tempora fugiat eius et minus. Eum reprehenderit qui autem mollitia saepe.', '2021-10-02 14:19:11', '2021-10-02 14:19:11'),
(168, 10, 48, 'Occaecati qui quam sit sunt fuga atque. Eos doloribus facilis aut amet autem. Perspiciatis dolorem labore laudantium ducimus dolores. Veritatis quis voluptas consequuntur minima aspernatur in quae. Voluptatibus ab qui sed quam facere dolor reprehenderit autem. Quia dolor vel itaque ullam sed saepe. Neque illum nemo consequatur perspiciatis pariatur et. At nam dolor sint labore ut. Officia expedita minima perspiciatis accusantium quidem. Cumque et quas id voluptas. Non qui similique aut iusto. Reprehenderit ratione ipsa culpa voluptatibus error at expedita ea. Molestiae blanditiis reprehenderit voluptatem natus unde est aut. Consequatur sit eum error provident asperiores. Ullam laborum quos esse ut. Quidem libero architecto nam dicta animi. Distinctio ab dolorem corrupti. Aut nemo officia vero veritatis sed.', '2021-10-02 14:19:11', '2021-10-02 14:19:11'),
(169, 6, 39, 'Eius fugiat qui ipsa maxime aliquam. Sint quia temporibus aspernatur et in. Debitis voluptatem dignissimos qui laboriosam veritatis rem ducimus veniam. Sed officia quia veniam vero. Placeat harum recusandae itaque natus. Illum quidem quo non at facere. Aut at quo aliquam repudiandae odit facere rem. Deleniti sed ex dolor aut omnis consectetur qui voluptate. Voluptas ipsam earum sint. Sit atque numquam ut quo. Et totam quos quia quia voluptate magni praesentium est. Quis vel veritatis error ducimus. Voluptatem amet porro et. Asperiores sit necessitatibus voluptates deleniti aliquam. Beatae eius aut numquam id laboriosam. Quibusdam nihil voluptatem maxime inventore qui exercitationem dolor. Voluptate dolorem et magni ipsum doloribus mollitia. Voluptate qui inventore quo omnis corrupti. Facilis consectetur temporibus veniam. Et quia provident ipsum aut consequatur ipsa.', '2021-10-02 14:19:11', '2021-10-02 14:19:11'),
(170, 6, 52, 'Ab aut laborum maxime corporis fuga voluptatibus. Corporis neque nam aut deleniti voluptatum id. Repudiandae itaque aut aut repellendus voluptas non ut dicta. Voluptas culpa quia culpa sequi dolor harum iusto. Vero et ut et doloribus est est. Laudantium cum iusto aspernatur consequuntur libero enim minus. Corrupti animi aut eos. Culpa est ut voluptatem sit magni esse. Alias voluptates tempore ut molestias. Ut occaecati quis totam omnis voluptas. Ut sapiente perspiciatis aliquam. Doloribus qui officia excepturi vitae. Est omnis placeat ea et iusto vero. Qui eos sit qui quasi et est impedit. Et id vitae rerum quae quas eum quod. Excepturi eum voluptatem officia. Tempore quis fuga fugiat corrupti quibusdam vel. Ea sit fuga perferendis autem perspiciatis quia. Ducimus inventore architecto sit. Laboriosam architecto qui veniam labore fugit voluptatem. Ea quo animi cupiditate facilis autem tempora est. Quis quia fuga consectetur rerum aliquam. Enim quisquam id sunt qui voluptatibus dicta.', '2021-10-02 14:19:11', '2021-10-02 14:19:11'),
(171, 8, 1, 'Neque est suscipit voluptatem commodi quidem ullam sit. Aliquam dolore enim aut architecto culpa laboriosam est. Sed optio officia aut consectetur ut quia. Et ratione blanditiis aspernatur illo placeat. Ipsum est soluta molestiae voluptas aut non. Eveniet dicta nostrum cupiditate unde ut voluptatum. Magnam nesciunt in libero numquam consequuntur laborum. Iste iure mollitia harum officiis sit enim sequi. Ratione impedit laboriosam in eius. At accusantium iste rerum facere eaque perferendis voluptates. Quo et voluptas aut ut nesciunt. Et id quo nemo et eveniet et omnis. Pariatur dolorum repellat dolorem est sed ducimus animi. Et cum ipsum beatae sed sunt beatae corrupti. Aliquid nostrum quo et nulla repudiandae aperiam. Et aliquam expedita ad est atque ut. Delectus qui ut porro sed. Aliquid molestiae dolores eaque. Eveniet quia porro nesciunt necessitatibus. Dignissimos asperiores facilis facilis pariatur voluptas sint velit.', '2021-10-02 14:19:11', '2021-10-02 14:19:11'),
(172, 9, 42, 'Suscipit ipsa non architecto exercitationem rerum ut nesciunt sint. Commodi neque non aliquid quia. Est numquam similique enim consequuntur. Nesciunt sit aperiam reprehenderit alias expedita eveniet ut. Nihil autem assumenda nihil corporis non at fugit commodi. Doloremque expedita voluptatem recusandae ab voluptatem earum. Non nesciunt laborum magni. Nisi ducimus incidunt qui tenetur sed. Sed nostrum tenetur qui aut provident doloribus sit. Explicabo et et aut distinctio dolorem consequatur velit. Itaque reprehenderit voluptatem et cumque molestiae. Quae dolorum quia dolor enim. Reprehenderit laboriosam aut nobis omnis autem illo. Voluptate dolores id veniam. Ad blanditiis nisi fuga quos. Repudiandae molestiae eum aut aut. Earum assumenda hic voluptatem natus natus libero. Illo labore harum non iste voluptatibus. Sequi vero aut rerum exercitationem libero quia aut. Ipsam voluptatem qui ut sed repellendus et.', '2021-10-02 14:19:11', '2021-10-02 14:19:11'),
(173, 6, 35, 'Et iusto dicta sit eius esse. Perferendis corrupti vel ut facilis dolores rem. Ad magnam nemo fugit totam laborum minus repellat quidem. Voluptates id quidem reiciendis praesentium ex saepe dolore. Debitis blanditiis libero sapiente. Eos maxime ut natus qui quam. Inventore maiores necessitatibus sint fuga. Sed eius itaque laboriosam amet. Nesciunt aspernatur totam quia aliquam dolor temporibus velit. Earum repudiandae in quaerat est qui eveniet vel facilis. Voluptas est consequatur adipisci id aut. Numquam quia dolor eum amet. Ad ab dolor eveniet natus omnis. Enim ut soluta rerum sint non. Ullam sit dignissimos similique minima. Quaerat repellendus harum cupiditate rerum et. Rem qui autem et. Sit fugit quibusdam omnis minus iste dolores suscipit. Tempore dolore iusto et excepturi sit voluptatibus veniam. Eum inventore nisi ab qui ea voluptas cum. Unde asperiores quisquam ut deleniti. Fugiat accusamus non placeat totam dolorum consequatur doloremque.', '2021-10-02 14:19:11', '2021-10-02 14:19:11'),
(174, 2, 5, 'Qui nisi perspiciatis quia sit minus. Consequatur quas quia perferendis sequi cupiditate omnis nemo. Et in et dolorum eaque eum ut in. Est provident voluptatem nemo autem ipsa autem. Est quo quasi veniam nostrum tempore ea veritatis dolores. Natus tempora laboriosam et voluptas nam sit magni sit. Adipisci voluptatum assumenda mollitia et odit quia. Nam eos ut consequuntur tempora et. Totam dolores earum sed qui. Iste porro dolorem minima qui dolore quo ipsa. Totam ea labore molestias culpa quaerat. Et aut quis corporis in. Quas accusamus possimus neque modi similique. Fugit porro rem sint tempora autem repellendus nisi. Qui quia aut blanditiis cupiditate distinctio laudantium. Sapiente impedit omnis ea eligendi quam totam. Et ea voluptatem rerum et magni eveniet illo. Possimus omnis perspiciatis ea quas id nemo. Id est aliquam voluptatem occaecati sit itaque. Autem repellat pariatur commodi quaerat sed quisquam.', '2021-10-02 14:19:11', '2021-10-02 14:19:11'),
(175, 2, 40, 'Cupiditate doloremque tenetur maiores. Perspiciatis aut dolorem aut est quae quia recusandae. Cum optio et neque velit aut non. Ad expedita distinctio ipsam est exercitationem alias perspiciatis. Quibusdam et quasi qui qui qui. Necessitatibus quaerat sit voluptate distinctio. Voluptates quam rem ut quo tempora rerum. Doloribus non necessitatibus rerum cupiditate ut. Aliquid optio accusamus pariatur quia exercitationem provident. Ullam perspiciatis distinctio sit odit ut labore cum. Et quod ut numquam omnis possimus consequuntur dolores. Qui cum dolor in. Aut rerum doloribus repudiandae non et assumenda dignissimos. Sed molestias sapiente placeat corporis non ut. Autem id eveniet natus et. Est ut ipsa nesciunt nemo ab sit magni. Consequatur ipsam eum expedita. Totam odit dolor ad quia. Repellendus est ut error ducimus deleniti ea. Quam perspiciatis nobis quisquam necessitatibus eveniet libero omnis.', '2021-10-02 14:19:11', '2021-10-02 14:19:11'),
(176, 6, 50, 'Non sed accusantium omnis est facere. Ut ut tempore repudiandae ea. Ab ut architecto aut. Neque non necessitatibus iure in atque necessitatibus laboriosam dolorem. Et delectus et impedit consequatur recusandae molestias. Aperiam nulla facilis amet totam optio eligendi et. Laborum qui adipisci quis ad sapiente. Corporis similique totam quae accusamus assumenda quibusdam. Illum amet blanditiis doloremque atque quod. Et consequatur iste cupiditate rem enim ut. Aut similique necessitatibus corrupti assumenda. Vel occaecati explicabo error cupiditate aut totam qui. Blanditiis et aut deserunt suscipit ex. Reiciendis voluptatem dolorum nulla mollitia porro. Dignissimos error dolores quo accusantium iure atque. Et ea iusto aut quibusdam error molestias. Qui quia ut perspiciatis. Eos ipsum assumenda suscipit provident. Nobis vitae quaerat unde ut sed odit. Sed assumenda vel quia ut.', '2021-10-02 14:19:11', '2021-10-02 14:19:11'),
(177, 1, 2, 'Recusandae et et beatae voluptas. Voluptatem sunt nam aut iure sint qui. Voluptatem ut reiciendis harum quasi perspiciatis. Aut voluptatum consectetur quam dolores debitis dolores aut saepe. Perspiciatis esse velit tenetur eligendi error inventore atque. Quisquam ut fuga aperiam recusandae magnam. Voluptates enim fuga labore enim. Delectus rem vel expedita fugit. Pariatur tempora eius et iste dolorum facere. Et eum natus quia voluptatem voluptatem laboriosam ut. Officia quia ea est non consequatur. Praesentium numquam et autem qui. Eaque enim magni aliquid et. Inventore et quod vero ut illum assumenda. Magni eum dolor qui velit beatae. Maiores praesentium magni natus. Aperiam doloribus veritatis tenetur voluptatem ab necessitatibus. Et voluptatem qui quia sed saepe est. Omnis ullam eos non. Reiciendis nemo autem cumque temporibus dolorum.', '2021-10-02 14:19:11', '2021-10-02 14:19:11'),
(178, 10, 15, 'Vel quos quis voluptas repellat quae. Magnam eum earum neque repellendus atque et. Consectetur eius voluptatem consequatur numquam vel velit exercitationem. Sed voluptas beatae ut est quia magni. Enim architecto sit ea hic dolore necessitatibus rerum. Eos soluta consequatur eius laboriosam. Autem consequatur aut qui suscipit accusantium et vel. Esse sunt amet deleniti consequatur in. Sit sequi et reprehenderit voluptates. Autem impedit ad sit nostrum quaerat a. Aut tempora aut vero velit. Corrupti dolorem cupiditate quidem consequuntur qui ad. Tenetur omnis sunt aut autem odio ad. Dolore nobis id eos dolorem. Repellendus rerum debitis repellendus tenetur. Ea facere modi minima quia. Occaecati nisi et ad aut non possimus. Nostrum ex et et. Facilis quaerat temporibus labore qui quasi. Doloremque placeat deleniti quia fugit. Reprehenderit molestias quo ducimus id. Vitae minus enim harum minima sapiente cum est quibusdam. Sed cupiditate veritatis sed.', '2021-10-02 14:19:11', '2021-10-02 14:19:11'),
(179, 5, 10, 'Tempore praesentium a dignissimos doloribus exercitationem et est accusamus. Sed error dolores sed qui et. Dolor commodi minus doloribus vitae nesciunt. Expedita dolor soluta quis voluptates ea iste officia. Veritatis doloribus et nisi autem qui. Qui ea voluptates sunt et. Voluptas maiores eum occaecati dolores nisi. Aspernatur ipsam in voluptas aliquam ratione eum. Rem quo quia fuga. Tempora ut sed doloribus autem quisquam. Ducimus pariatur sunt velit debitis et eligendi. Eveniet vel inventore sequi magnam adipisci. Hic voluptatem ut corporis mollitia at in eos. Ut dolor doloremque autem. Deleniti repudiandae quidem rerum amet et ullam nobis. Molestiae corrupti molestias quis distinctio. Optio voluptatum illo in velit et. Sed doloribus eius ullam accusantium nemo. Est quia esse occaecati quasi in. Provident cumque ullam sint corporis minus similique consequatur. At veritatis ex corrupti labore voluptates quia.', '2021-10-02 14:19:11', '2021-10-02 14:19:11'),
(180, 7, 10, 'Facilis earum ipsam eligendi ut doloribus. Beatae et omnis aut omnis dolorem deserunt. Voluptatem et ut recusandae aut totam enim. Porro eos deleniti non amet. Est natus facere voluptas dolor. Ea id est illum nulla voluptatum sapiente atque. Vel magni aliquid repellendus amet. Id sint aut dolores ea sunt doloribus. Cumque autem dolore voluptatibus magni et. Quia natus accusamus aut eaque dolorem. Aut qui architecto facere sed. Dignissimos consequuntur rerum explicabo repudiandae aperiam magnam fugit. Nostrum corrupti laborum omnis dolor mollitia aut. Fuga cumque enim aut facere vel voluptas minima. Similique dolorem et dolores autem illo qui ut sequi. Voluptas dignissimos voluptatem voluptatum eum rem temporibus quae tenetur. Quas nihil perferendis et minus consequatur doloribus. Non voluptatem atque totam voluptatum. Ea temporibus laudantium deserunt voluptatem dolores repudiandae dolores. Magnam dolorem consectetur quis aperiam commodi tempore omnis.', '2021-10-02 14:19:11', '2021-10-02 14:19:11'),
(181, 4, 5, 'Et repellendus provident architecto alias quasi. Incidunt vel non veritatis illum et. Aperiam enim officia sed eaque quis. Reiciendis a a cupiditate cumque suscipit sapiente consequatur. Sapiente quod est aliquam inventore autem quidem sed. Velit ipsa facilis sed et labore maiores. Cum in consequatur magni blanditiis voluptatum cumque fuga. Provident sint quia mollitia consequatur rerum occaecati qui. Maxime dolores culpa inventore assumenda. Voluptatum quae rerum saepe quas quas. Rerum ut numquam delectus vel nihil. Ea earum et doloremque qui qui harum libero. Rerum saepe repellat aut ex illo dolores. Id ea porro autem et voluptatibus eaque minima quis. Perferendis quo eveniet iusto possimus voluptates eveniet minus. Ut et aperiam deleniti sequi. Ea veritatis fugit ut explicabo laboriosam totam. Et repellendus velit eligendi architecto odio illum.', '2021-10-02 14:19:11', '2021-10-02 14:19:11'),
(182, 10, 55, 'Aut doloremque expedita tempora et doloribus enim. Repellat quis ipsum aspernatur voluptatum. Blanditiis pariatur esse modi dolores voluptas enim. Esse ab sunt omnis ducimus eum. Est aut ratione voluptas et officiis voluptatem rerum. Consequatur iste eos distinctio autem. Velit quasi libero ipsa voluptas. Et expedita ex reiciendis eum. Eum iusto ut voluptatem quo in et aut. Tenetur nisi non facere rerum repellendus rerum quia. Reprehenderit in maxime adipisci ut ut. Quos labore recusandae magni nemo. Iure labore non molestiae aut voluptatum. Et reprehenderit quam autem velit. Voluptas odit sint id ab. Possimus earum minima et consequuntur. Suscipit nobis deserunt et enim quaerat voluptatem eveniet. Corrupti eligendi nihil fuga nobis sit fugit tenetur. Et vel similique voluptatem sapiente ut. Porro laudantium velit est. Est laborum nihil est voluptatum sed impedit atque repellendus.', '2021-10-02 14:19:11', '2021-10-02 14:19:11'),
(183, 5, 25, 'Non dolor molestias nesciunt blanditiis dicta sint. Est quia voluptas aut et libero ipsa delectus et. Rem dolores natus eveniet rerum dicta voluptatem ipsam. Distinctio rerum aut voluptate autem. Ut modi veniam delectus veritatis optio provident. Quos tempora labore et dignissimos recusandae rerum nisi. Cumque officia et labore molestias asperiores consequatur nemo. Impedit officiis dolor saepe incidunt. Nostrum illo officia voluptas doloremque vel autem. Vitae repudiandae blanditiis hic. Dolore pariatur reiciendis distinctio. Assumenda voluptas hic itaque. Unde aut rem soluta. Quis ea aliquid ducimus debitis et explicabo sint. Magni magni aut ab reprehenderit totam vitae quo. Ipsa quia dolore beatae quaerat qui et. Adipisci maxime veritatis totam ex voluptates. Praesentium illum quasi est aliquam hic. Qui sed aut dolores blanditiis. Illo quae odio nemo dolore. Facere dolorem autem autem. Modi ea quibusdam animi veritatis. Ad consectetur consequatur deleniti.', '2021-10-02 14:19:11', '2021-10-02 14:19:11'),
(184, 2, 61, 'Magni vel provident quia voluptate. Provident tempore facere non. Perspiciatis quo qui dolorum. Molestiae excepturi corrupti ut aspernatur nulla. Ea adipisci fugit corrupti blanditiis. Rerum ullam consectetur quam at eveniet est consequatur. Tempore libero nihil veniam iusto dolores ut autem. Ab ab illo dolores ipsum. Vel accusantium voluptatem sint vel ut nisi. Ratione omnis consequuntur distinctio itaque. Corporis laudantium iure culpa at provident repellendus. Odio est et et ea similique nulla voluptas reiciendis. Sint eveniet dolores et autem sunt rem omnis eius. Eos quia magnam error iusto aspernatur in maiores. Aliquid velit error sed necessitatibus. Quis a blanditiis dolor molestias eum et. Architecto blanditiis qui quas in impedit at. Non numquam dolore mollitia. Sit nostrum ea similique et. Ex eius natus ut maxime necessitatibus dolorem ullam. Illum dolorem tempora sed eaque.', '2021-10-02 14:19:11', '2021-10-02 14:19:11'),
(185, 6, 43, 'Tenetur qui neque rerum ducimus. Et cum veritatis optio ratione voluptas. Quisquam et totam quo quo sint mollitia. Nulla sit autem et similique. Quam voluptatem consequatur ratione doloremque. Voluptate tempore atque occaecati voluptatem. Tempora ratione sit repellat alias et dolores enim. Ipsam quo vitae ut quia qui nulla. Ullam qui repellat perferendis autem asperiores est. Aut sed sequi eum sed facere numquam asperiores illo. Expedita harum qui praesentium nihil. Rerum repudiandae sequi suscipit facilis. Porro harum rem iure id. Facere aut eius et voluptates iste quas. Sunt maxime tempore aut debitis quidem. Vitae asperiores iure ut voluptates perspiciatis aut aut et. Dolore vel qui optio dolorem dolorum qui. Molestias corporis quia sequi sunt et cum nisi. Similique aut voluptatum dolores et omnis aut dolorum fugiat. Temporibus et sed repellat eum eum. Aut quas quia reiciendis sed.', '2021-10-02 14:19:11', '2021-10-02 14:19:11'),
(186, 2, 23, 'Officia et ea at earum pariatur. Ratione totam numquam est sit in accusantium a. Amet eaque aut veritatis in fugit iusto earum. Distinctio esse aut est autem. Esse omnis dolores quaerat. Voluptatum quis est et quia sapiente in nisi fuga. Natus maxime harum itaque et pariatur eos sit. Corrupti nihil molestiae incidunt sint. Qui ut aspernatur iure officiis expedita. Facere error eum cum esse eos adipisci quasi. Nobis vel commodi harum est sit culpa excepturi. Quisquam maiores consequatur ut tenetur nulla ea voluptatem omnis. Quia iusto eligendi optio aut. Voluptatem rerum ullam tempore illo. Dolor facilis voluptatem labore veritatis provident omnis delectus. Voluptatibus consequuntur voluptatem nemo autem. Eveniet commodi ut sed ut non earum ut et. Maiores iste est rem odit est earum. Suscipit itaque iste eos voluptas qui. Asperiores sequi eum aliquam quibusdam.', '2021-10-02 14:19:11', '2021-10-02 14:19:11'),
(187, 4, 52, 'Molestiae eveniet natus voluptas. Ducimus aut consequatur nesciunt reiciendis doloremque. Et officia sequi vero quia maiores velit. Nesciunt aut et ut. Consequatur quia odio aperiam atque eos architecto assumenda odio. Suscipit atque vel ut impedit. Ea magnam earum minus deleniti quis. Animi alias totam fugit voluptatem. Sint alias dolor est id quia. Aliquid molestiae aut ut est. Ut maxime ipsam dolorem et illo. Qui vel in et porro. Minus ut suscipit et nihil. Sit illum quas est aut ratione consequatur vel. Consequatur pariatur at maiores dolores fuga reprehenderit voluptatem ducimus. Quis voluptate numquam autem adipisci tenetur consequatur atque nobis. Consequatur a deserunt qui. Sunt ut dolores qui harum autem. Eos sunt nisi libero voluptas labore perspiciatis deserunt. Consequuntur saepe accusantium harum veniam. Modi consequatur et quia et aliquid aperiam est. A facilis ipsam accusamus impedit sed. Laboriosam error in facere asperiores.', '2021-10-02 14:19:11', '2021-10-02 14:19:11'),
(188, 5, 18, 'Autem autem culpa officia rerum. Et praesentium minima et suscipit. Exercitationem rerum unde ipsam amet est ea impedit ex. Voluptatem et molestiae ad non quos. Et dolor accusantium consequuntur at repellendus omnis praesentium. Vel voluptatem culpa expedita similique ipsum sed nihil. Distinctio facere incidunt iure est modi dignissimos. Sunt laudantium facere aspernatur modi officiis. Animi rem ut eius explicabo id et. Iusto omnis cumque debitis iure voluptate assumenda. Inventore perspiciatis voluptas voluptas. Nostrum ut vel amet praesentium explicabo quod. Voluptatem nemo est a quasi molestias dolorem doloribus. Dolor et sequi quo odit placeat. Laborum et voluptatum animi aliquam alias et. Fuga minima quia corporis occaecati. Nihil eum consequatur harum dolores reiciendis. Et ab velit aut architecto sunt laboriosam. Libero asperiores ducimus consequuntur molestiae. Aperiam sit sit quos itaque sapiente. Nemo ut in illum dolor quia ad porro.', '2021-10-02 14:19:11', '2021-10-02 14:19:11'),
(189, 3, 13, 'Dolor ad laborum id sed labore animi qui. Aut quis dolores voluptatem ut. Vero rerum accusantium voluptates placeat numquam asperiores. Ab et maiores commodi qui doloribus. Sint quaerat dolor debitis voluptatem temporibus quibusdam dolorum. Placeat ad voluptatem fuga sunt maxime unde. Occaecati omnis repudiandae dicta tenetur. Est doloribus amet consectetur velit architecto tempora occaecati. Autem quas et sunt aliquid cum. Omnis voluptatem harum provident nihil est distinctio et. Blanditiis nesciunt at rerum optio adipisci vel. Animi voluptatem officia exercitationem autem repellendus vel. Corrupti iure dolores dolorem perferendis ab ducimus. Fuga esse itaque et voluptatum. Hic ut ratione quia repellendus perspiciatis nobis. Iste non quo harum. Corporis ducimus minima suscipit ullam dolor. Eos qui in natus voluptatibus voluptas et placeat. Nisi eum architecto dignissimos aliquam odio et voluptas sapiente.', '2021-10-02 14:19:11', '2021-10-02 14:19:11'),
(190, 1, 44, 'Aliquid consequatur vel maxime molestias ut modi. Eius nobis blanditiis in autem assumenda. Labore inventore voluptatem fuga qui. Pariatur quidem sunt labore quod quia nostrum ut vel. Fuga consectetur quis dolor maxime qui dicta. Est aut dignissimos aut consequatur nihil molestiae voluptate. Quis commodi amet nesciunt. Dolores quibusdam voluptas rerum maiores. Pariatur voluptatum natus quia facilis a deleniti. Aspernatur totam quibusdam quia illo doloremque illo aspernatur. Qui quis modi earum et. Laudantium consectetur et et quo maxime natus. Atque eaque omnis qui corrupti itaque ea. Reprehenderit dicta rem sit suscipit eligendi quaerat. Est rerum aut nostrum vero quia magnam amet. Et aut neque voluptas ex accusamus aliquid. Perspiciatis voluptatem facilis explicabo voluptatibus ullam iure maiores. Aliquam nam quia et.', '2021-10-02 14:19:11', '2021-10-02 14:19:11'),
(191, 6, 11, 'Dolore ut voluptatum expedita aperiam. Sed quod occaecati voluptas placeat in quos est. Ea et dolor quibusdam necessitatibus aut. Ducimus molestiae soluta sunt quia rerum. Est et quia mollitia ipsam fuga voluptatibus consectetur. Id vel ipsam quis tenetur temporibus tenetur necessitatibus explicabo. Aspernatur recusandae sit tempore optio rem qui. Ducimus expedita voluptas vel ut quia. Et sed quam aut culpa. Quia fugiat a similique veniam. Soluta et laudantium consequatur doloribus mollitia voluptas rerum molestiae. Sapiente animi eos quidem assumenda et veritatis. Reiciendis et delectus expedita accusantium excepturi. Voluptatem voluptatibus consequuntur provident sed aliquid ipsum odio. Neque rerum quisquam quae qui porro. Incidunt dolorum commodi consequatur ut culpa temporibus nobis. Recusandae deserunt dolores voluptatem officiis esse ratione sed. Architecto similique odit expedita assumenda. Quod sunt suscipit enim quas quisquam. Animi quia aut quo in est vitae.', '2021-10-02 14:19:11', '2021-10-02 14:19:11'),
(192, 1, 18, 'Aliquam laborum sed minima. Quia sit natus deserunt beatae. Asperiores inventore nulla aut. Ut quam enim aspernatur aut quo. Qui consectetur harum doloribus voluptatibus ducimus perspiciatis. Modi et omnis voluptate ut perspiciatis et qui architecto. Quod totam soluta illum sunt. Impedit repellat quibusdam sed ut illo temporibus molestias. In quia voluptas quia sunt eius. Vel et eveniet pariatur quaerat natus. Dolorem quod similique libero quia nulla ex voluptatem ratione. Debitis voluptatum architecto veniam numquam et. Maiores at illum omnis. Non numquam eos est placeat nihil rerum labore. Nihil amet in est sit assumenda. Nihil ipsam tenetur consectetur ipsa quisquam minus sint. Aut libero cupiditate distinctio est cum minus. Atque id tenetur nihil molestias architecto. Aspernatur ut placeat magnam alias excepturi debitis rem. Eaque in animi consequatur nihil deserunt et. Quae harum animi voluptatum modi facilis quasi. Est aut et voluptatem explicabo quis occaecati.', '2021-10-02 14:19:11', '2021-10-02 14:19:11'),
(193, 9, 59, 'Eius sequi minus laudantium beatae cupiditate. Et tenetur nemo autem totam quod deleniti quia dignissimos. Impedit enim quia in laboriosam. Tempore quasi est ipsum incidunt sit eum. Ipsam est ratione rerum quia in molestiae. Inventore natus et rem exercitationem perspiciatis quae. Beatae eveniet et amet nobis commodi inventore velit. Ducimus earum ut non porro aliquam repellendus quisquam ullam. Omnis voluptas et nobis qui similique. Ipsam et nihil quis ratione aspernatur. Nemo porro fuga et quia eaque praesentium non est. Consectetur facilis perspiciatis labore aliquam recusandae nostrum. Qui quibusdam qui totam aut nemo consequatur pariatur. Assumenda reiciendis quis aliquid ab. Nesciunt qui corporis dolores dolorem aut. Voluptatibus nam id voluptatem esse quia eaque animi. Nisi necessitatibus voluptas est ipsam.', '2021-10-02 14:19:11', '2021-10-02 14:19:11'),
(194, 10, 3, 'Nisi cupiditate molestiae rerum repellat ut aut aut. Enim maiores rem esse non est molestias. Saepe laudantium facilis odit voluptates voluptates quia est voluptas. Qui natus aut dignissimos nihil. Vel expedita perspiciatis omnis tenetur incidunt similique nam. Expedita sed exercitationem tempora accusantium incidunt. Veniam delectus qui sint atque odit veniam eum illum. Minima sint impedit eveniet aut sed. Quod id occaecati ex iusto fuga rerum magnam. Velit et harum molestiae dignissimos et quia. Saepe vel aspernatur ut in eveniet consequatur. Consequuntur omnis id voluptatem praesentium sit neque. Impedit dolorem quia deserunt natus ab. Nemo sed vel et. Dolore enim totam sed animi. Est aperiam sint quaerat tempora nesciunt. Tenetur tempora impedit ab consequatur ratione et. Voluptate voluptatibus sapiente cumque repellendus in voluptas. Beatae quia voluptate cupiditate explicabo at inventore doloremque.', '2021-10-02 14:19:11', '2021-10-02 14:19:11'),
(195, 1, 1, 'Testiramo pisanje kom', '2021-10-06 21:50:37', '2021-10-07 20:52:00');

-- --------------------------------------------------------

--
-- Table structure for table `failed_jobs`
--

CREATE TABLE `failed_jobs` (
  `id` bigint(20) UNSIGNED NOT NULL,
  `uuid` varchar(255) COLLATE utf8mb4_unicode_ci NOT NULL,
  `connection` text COLLATE utf8mb4_unicode_ci NOT NULL,
  `queue` text COLLATE utf8mb4_unicode_ci NOT NULL,
  `payload` longtext COLLATE utf8mb4_unicode_ci NOT NULL,
  `exception` longtext COLLATE utf8mb4_unicode_ci NOT NULL,
  `failed_at` timestamp NOT NULL DEFAULT current_timestamp()
) ENGINE=InnoDB DEFAULT CHARSET=utf8mb4 COLLATE=utf8mb4_unicode_ci;

-- --------------------------------------------------------

--
-- Table structure for table `migrations`
--

CREATE TABLE `migrations` (
  `id` int(10) UNSIGNED NOT NULL,
  `migration` varchar(255) COLLATE utf8mb4_unicode_ci NOT NULL,
  `batch` int(11) NOT NULL
) ENGINE=InnoDB DEFAULT CHARSET=utf8mb4 COLLATE=utf8mb4_unicode_ci;

--
-- Dumping data for table `migrations`
--

INSERT INTO `migrations` (`id`, `migration`, `batch`) VALUES
(1, '2014_10_12_000000_create_users_table', 1),
(2, '2014_10_12_100000_create_password_resets_table', 1),
(3, '2019_08_19_000000_create_failed_jobs_table', 1),
(4, '2019_12_14_000001_create_personal_access_tokens_table', 1),
(5, '2021_09_25_173353_create_comments_table', 1),
(6, '2021_09_25_173405_create_ratings_table', 1),
(7, '2021_09_25_173415_create_carts_table', 1),
(8, '2021_09_25_173428_create_categories_table', 1),
(9, '2021_09_25_173442_create_products_table', 1),
(10, '2021_09_25_174311_create_product_carts_table', 1),
(11, '2021_10_13_221327_create_payments_table', 2),
(13, '2021_10_13_234351_create_payment_products_table', 3),
(14, '2021_10_14_222022_add_foreign_key_constraint_products', 4),
(15, '2021_10_15_233137_add_is_admin_to_users', 5),
(16, '2021_10_16_024551_add_count_column_to_payment_products', 6);

-- --------------------------------------------------------

--
-- Table structure for table `password_resets`
--

CREATE TABLE `password_resets` (
  `email` varchar(255) COLLATE utf8mb4_unicode_ci NOT NULL,
  `token` varchar(255) COLLATE utf8mb4_unicode_ci NOT NULL,
  `created_at` timestamp NULL DEFAULT NULL
) ENGINE=InnoDB DEFAULT CHARSET=utf8mb4 COLLATE=utf8mb4_unicode_ci;

-- --------------------------------------------------------

--
-- Table structure for table `payments`
--

CREATE TABLE `payments` (
  `id` bigint(20) UNSIGNED NOT NULL,
  `user_id` bigint(20) UNSIGNED NOT NULL,
  `order_id` varchar(255) COLLATE utf8mb4_unicode_ci NOT NULL,
  `price` decimal(8,2) NOT NULL,
  `created_at` timestamp NULL DEFAULT NULL,
  `updated_at` timestamp NULL DEFAULT NULL
) ENGINE=InnoDB DEFAULT CHARSET=utf8mb4 COLLATE=utf8mb4_unicode_ci;

--
-- Dumping data for table `payments`
--

INSERT INTO `payments` (`id`, `user_id`, `order_id`, `price`, `created_at`, `updated_at`) VALUES
(71, 1, '0SP47742KJ7582531', '346283.73', '2021-10-16 03:12:24', '2021-10-16 03:12:24');

-- --------------------------------------------------------

--
-- Table structure for table `payment_products`
--

CREATE TABLE `payment_products` (
  `id` bigint(20) UNSIGNED NOT NULL,
  `product_id` bigint(20) UNSIGNED NOT NULL,
  `payment_id` bigint(20) UNSIGNED NOT NULL,
  `created_at` timestamp NULL DEFAULT NULL,
  `updated_at` timestamp NULL DEFAULT NULL,
  `count` int(11) NOT NULL
) ENGINE=InnoDB DEFAULT CHARSET=utf8mb4 COLLATE=utf8mb4_unicode_ci;

--
-- Dumping data for table `payment_products`
--

INSERT INTO `payment_products` (`id`, `product_id`, `payment_id`, `created_at`, `updated_at`, `count`) VALUES
(95, 15, 71, '2021-10-16 03:12:24', '2021-10-16 03:12:24', 3),
(96, 17, 71, '2021-10-16 03:12:24', '2021-10-16 03:12:24', 2);

-- --------------------------------------------------------

--
-- Table structure for table `personal_access_tokens`
--

CREATE TABLE `personal_access_tokens` (
  `id` bigint(20) UNSIGNED NOT NULL,
  `tokenable_type` varchar(255) COLLATE utf8mb4_unicode_ci NOT NULL,
  `tokenable_id` bigint(20) UNSIGNED NOT NULL,
  `name` varchar(255) COLLATE utf8mb4_unicode_ci NOT NULL,
  `token` varchar(64) COLLATE utf8mb4_unicode_ci NOT NULL,
  `abilities` text COLLATE utf8mb4_unicode_ci DEFAULT NULL,
  `last_used_at` timestamp NULL DEFAULT NULL,
  `created_at` timestamp NULL DEFAULT NULL,
  `updated_at` timestamp NULL DEFAULT NULL
) ENGINE=InnoDB DEFAULT CHARSET=utf8mb4 COLLATE=utf8mb4_unicode_ci;

--
-- Dumping data for table `personal_access_tokens`
--

INSERT INTO `personal_access_tokens` (`id`, `tokenable_type`, `tokenable_id`, `name`, `token`, `abilities`, `last_used_at`, `created_at`, `updated_at`) VALUES
(45, 'App\\Models\\User', 11, 'usertoken', '134d2edf8df7c4f119fe97d93de570e9ba723f6588409cb7491188772a397721', '[\"*\"]', '2021-10-12 23:40:14', '2021-10-12 23:38:03', '2021-10-12 23:40:14'),
(57, 'App\\Models\\User', 1, 'usertoken', '76700a27449a27f5f7ba3b9d42483f5e50198c196127011f25f9f4cae213fff3', '[\"*\"]', '2021-10-16 15:18:56', '2021-10-15 21:52:23', '2021-10-16 15:18:56');

-- --------------------------------------------------------

--
-- Table structure for table `products`
--

CREATE TABLE `products` (
  `id` bigint(20) UNSIGNED NOT NULL,
  `category_id` bigint(20) UNSIGNED NOT NULL,
  `name` varchar(100) COLLATE utf8mb4_unicode_ci NOT NULL,
  `desc` varchar(5000) COLLATE utf8mb4_unicode_ci NOT NULL,
  `img` varchar(200) COLLATE utf8mb4_unicode_ci NOT NULL,
  `stock` int(11) NOT NULL,
  `price` decimal(8,2) NOT NULL,
  `created_at` timestamp NULL DEFAULT NULL,
  `updated_at` timestamp NULL DEFAULT NULL
) ENGINE=InnoDB DEFAULT CHARSET=utf8mb4 COLLATE=utf8mb4_unicode_ci;

--
-- Dumping data for table `products`
--

INSERT INTO `products` (`id`, `category_id`, `name`, `desc`, `img`, `stock`, `price`, `created_at`, `updated_at`) VALUES
(1, 2, 'RAZER BASILISK ULTIMATE (Black)', 'Vel velit eos beatae libero sequi natus et. Autem sit eius qui. Sed veritatis qui quidem ullam.', 'https://img.gigatron.rs/img/products/large/image5e3d38d7d59f3.png', 9, '66099.35', '2021-07-31 12:17:56', '2021-07-31 12:17:56'),
(2, 2, 'LOGITECH G903 LIGHTSPEED HERO', 'Mollitia ut velit consequatur totam. Maxime impedit et est aperiam. Quo explicabo et quod quia.', 'https://img.gigatron.rs/img/products/large/image5d1e05f174751.png', 88, '46896.08', '2021-07-31 12:17:56', '2021-07-31 12:17:56'),
(3, 2, 'RAZER DeathAdder V2 Pro', 'Quod cumque asperiores quasi ex. Sunt eum et eum dolor quis. Quasi velit quisquam cum ea aut vel.', 'https://img.gigatron.rs/img/products/large/RAZER-be017Ei010Dini-gejmerski-mi0161-DeathAdder-V2-Pro-(crni)-RZ01-03350100-R3G1-85.png', 63, '32170.16', '2021-07-31 12:17:56', '2021-07-31 12:17:56'),
(4, 2, 'LOGITECH PRO X Superlight ', 'Ullam odio aut adipisci qui temporibus. Eos placeat sit exercitationem explicabo.', 'https://img.gigatron.rs/img/products/large/LOGITECH-Beini-gejmerski-mi-PRO-X-Superlight-(Crni)-910-005880-87.png', 50, '44700.28', '2021-07-31 12:17:56', '2021-07-31 12:17:56'),
(5, 2, 'ASUS ROG CHAKRAM 90MP01K0-BMUA00', 'Ut nihil est in fugit aperiam esse nemo aut. Itaque tenetur ipsum ut est ut aut. Debitis ab et aut.', 'https://img.gigatron.rs/img/products/large/image5e8721ad8de0e.png', 72, '55266.08', '2021-07-31 12:17:56', '2021-07-31 12:17:56'),
(6, 3, 'SONY 85 VA BRAVIA 4K Ultra HD FWD-85X80H/T', 'Delectus nemo suscipit ut corrupti quia consequatur. Natus iure consectetur nobis temporibus.', 'https://img.gigatron.rs/img/products/large/SONY-Profesionalni-monitor-85-VA-BRAVIA-4K-Ultra-HD-FWD-85X80HT-.png', 13, '26542.15', '2021-07-31 12:17:56', '2021-07-31 12:17:56'),
(7, 3, 'GIGABYTE Gaming monitor 48 OLED AORUS FO48U-EK', 'Et et est sed. Dicta dolores necessitatibus accusamus.', 'https://img.gigatron.rs/img/products/large/image614996c5defc2.png', 25, '69215.29', '2021-07-31 12:17:56', '2021-07-31 12:17:56'),
(8, 3, 'LG Monitor 31.5 IPS 4K UHD 32UL950-W', 'Vel animi pariatur quisquam quibusdam. Commodi reiciendis natus accusamus. Quo sunt nisi autem.', 'https://img.gigatron.rs/img/products/large/image5f6b5339a2555.png', 68, '58109.33', '2021-07-31 12:17:56', '2021-07-31 12:17:56'),
(9, 3, 'LENOVO Legion WLED Y44w-10 - 65EARAC1EU', 'Est voluptates sit aspernatur incidunt. Consequatur voluptatem fugiat est quo.', 'https://img.gigatron.rs/img/products/large/image5d2875b135baa.png', 85, '8869.40', '2021-07-31 12:17:56', '2021-07-31 12:17:56'),
(10, 3, 'BENQ Gaming monitor 35 VA - EX3501R', 'Et eveniet possimus velit. Cum atque suscipit ut quis eos.', 'https://img.gigatron.rs/img/products/large/image5f0316a21c8e1.png', 22, '21820.11', '2021-07-31 12:17:56', '2021-07-31 12:17:56'),
(11, 4, 'AMD Ryzen 9 5950X 3.4GHz (4.9GHz)', 'Sint error in minus et rerum. Suscipit id dolores qui ut culpa dicta.', 'https://img.gigatron.rs/img/products/large/AMD-Ryzen-9-5950X-3.4GHz-(4.9GHz)-29.png', 56, '35675.40', '2021-07-31 12:17:56', '2021-07-31 12:17:56'),
(12, 4, 'AMD Ryzen 9 5900X 3.7GHz', 'Est est totam quae. Ratione qui qui doloribus voluptatibus enim autem minima mollitia.', 'https://img.gigatron.rs/img/products/large/AMD-Ryzen-9-5900X-3.7GHz-43.png', 46, '68789.96', '2021-07-31 12:17:56', '2021-07-31 12:17:56'),
(13, 4, 'INTEL Core i9-11900KF 3.5GHz (5.30 GHz)', 'Aut officiis eligendi ab voluptatem sapiente fugit aut id. Non quia est molestiae et.', 'https://img.gigatron.rs/img/products/large/INTEL-Core-i9-11900KF-3.5GHz-(5.30-GHz)-22.png', 58, '78175.82', '2021-07-31 12:17:56', '2021-07-31 12:17:56'),
(14, 4, 'INTEL Core i9-10850K 3.6GHz (5.20 GHz)', 'Fuga officiis qui dolore. Voluptas labore aut aut ut aut iure. Harum repellendus ut qui fugit.', 'https://img.gigatron.rs/img/products/large/Intel-Core-i9-10850K-3.6GHz-31.png', 53, '15495.96', '2021-07-31 12:17:56', '2021-07-31 12:17:56'),
(15, 4, 'AMD Ryzen 7 5800X 3.8GHz (4.7GHz)', 'Mollitia aperiam voluptatem et. Dolores tenetur et ullam eligendi. Blanditiis minima est quos sed.', 'https://img.gigatron.rs/img/products/large/image5fa937bc875af.png', 17, '55826.75', '2021-07-31 12:17:56', '2021-10-16 03:12:24'),
(16, 5, 'GIGABYTE AORUS GeForce RTX 3090 XTREME WATERFORCE WB 24GB GDDR6X 384-bit GV-N3090AORUSX WB-24GD', 'Eos impedit aut eum delectus numquam. Tempora sapiente hic dignissimos atque.', 'https://img.gigatron.rs/img/products/large/GIGABYTE-AORUS-Radeon-RTX-3090-XTREME-WATERFORCE-WB-24GB-GDDR6X-384-bit-GV-N3090AORUSX-WB-24GD-21.png', 72, '78162.41', '2021-07-31 12:17:56', '2021-07-31 12:17:56'),
(17, 5, 'MSI Radeon RX 6900 XT GAMING Z TRIO 16GB', 'Saepe quam voluptatem aut vel. Ut odio voluptatem aut inventore est. Quibusdam sit et perferendis.', 'https://img.gigatron.rs/img/products/large/product_16213155974734fe4b66ccd21988000dd6b30504d7-min-77.png', 71, '73661.57', '2021-07-31 12:17:56', '2021-10-16 03:12:24'),
(18, 5, 'SAPPHIRE TOXIC RX 6900 XT 16GB GDDR6 256-bit Limited Edition 11308-06-20G', 'Aut voluptates asperiores in assumenda eum harum qui. Commodi quis et sed beatae.', 'https://img.gigatron.rs/img/products/large/SAPPHIRE-TOXIC-RX-6900-XT-16GB-GDDR6-256-bit-Limited-Edition-11308-06-20G-79.png', 53, '13225.38', '2021-07-31 12:17:56', '2021-07-31 12:17:56'),
(19, 5, 'GAINWARD NVIdia GeForce RTX 3070 Phoenix LHR 8GB GS NE63070S19P2-1041X', 'Tempora expedita eaque eos. Doloribus ea natus sit. Quia et sunt iure.', 'https://img.gigatron.rs/img/products/large/GAINWARD-NVIdia-GeForce-RTX-3070-Phoenix-GS-NE63070S19P2-1041X-.png', 65, '61636.37', '2021-07-31 12:17:56', '2021-07-31 12:17:56'),
(20, 5, 'ASUS TUF Gaming GeForce GTX 1650 4GB GDDR6 128-bit - TUF-GTX1650-4GD6-P-G', 'Impedit totam velit pariatur minima. Cumque occaecati nulla et vero. Et perspiciatis modi et.', 'https://img.gigatron.rs/img/products/large/ASUS-TUF-Gaming-GeForce-GTX-1650-GAMING-4GB-GDDR6-128-bit-TUF-GTX1650-4GD6-P-G-86.png', 78, '6331.10', '2021-07-31 12:17:56', '2021-07-31 12:17:56'),
(21, 6, 'ZORTRAX 3D tampa M300 Dual', 'Beatae facere alias corrupti beatae ducimus. Aliquam maxime molestiae et non.', 'https://img.gigatron.rs/img/products/large/image5ec6647d98979.png', 31, '35661.20', '2021-07-31 12:17:56', '2021-07-31 12:17:56'),
(22, 6, 'CREATBOT 3D tampa F430', 'Nisi et velit ab rerum. Laboriosam iste mollitia exercitationem et quos aut.', 'https://img.gigatron.rs/img/products/large/image5d285cea4b0bf.png', 34, '54020.76', '2021-07-31 12:17:56', '2021-07-31 12:17:56'),
(23, 6, 'FELIX 3D tampa PRO 3', 'Suscipit vel minus eius natus. Illum eius est ut laudantium.', 'https://img.gigatron.rs/img/products/large/image5d2742a2b7ad7.png', 67, '41096.37', '2021-07-31 12:17:56', '2021-07-31 12:17:56'),
(24, 6, 'CREATBOT 3D tampa DX  Dual Extruders', 'Nisi quos vitae molestias veniam sint sint. Unde perferendis perspiciatis tempora saepe.', 'https://img.gigatron.rs/img/products/large/CREATBOT-3D-tampa-DX--Dual-Extruders-72.png', 33, '7661.58', '2021-07-31 12:17:56', '2021-07-31 12:17:56'),
(25, 6, 'FELIX 3D tampa Tec 4.1 Dual Extruder', 'Mollitia itaque occaecati nobis modi et est est. Ut qui hic sit impedit deserunt.', 'https://img.gigatron.rs/img/products/large/image5d2859427e388.png', 10, '20501.60', '2021-07-31 12:17:56', '2021-07-31 12:17:56'),
(26, 7, 'FSP napajanje TWINS PRO 700W - PPA7004601', 'Et iure accusantium aliquid est cum. Velit natus tenetur qui doloremque et. Et rerum ad atque.', 'https://img.gigatron.rs/img/products/large/FSP-napajanje-TWINS-PRO-700W-PPA7004601-64.png', 16, '69271.14', '2021-07-31 12:17:56', '2021-07-31 12:17:56'),
(27, 7, 'COOLER MASTER napajanje V1000 PLATINUM - MPZ-A001-AFBAPV-EU', 'Omnis sapiente est fugit qui et. Molestiae amet reiciendis et.', 'https://img.gigatron.rs/img/products/large/image5ca615c817fda.png', 11, '70986.46', '2021-07-31 12:17:56', '2021-07-31 12:17:56'),
(28, 7, 'ASUS napajanje ROG THOR - ROG-THOR-850P', 'Rerum consectetur aut sit amet. Quidem quo facilis aut earum. Atque at inventore molestiae illum.', 'https://img.gigatron.rs/img/products/large/image5bfe5f8299981.png', 39, '73713.02', '2021-07-31 12:17:56', '2021-07-31 12:17:56'),
(29, 7, 'MSI napajanje MPG Series A850GF 850W', 'Voluptates sunt quo necessitatibus. Eos aut ab animi provident. Id aut et et odio ut sed aliquid.', 'https://img.gigatron.rs/img/products/large/MSI-napajanje-MPG-Series-A850GF-850W-32.png', 13, '44148.63', '2021-07-31 12:17:56', '2021-07-31 12:17:56'),
(30, 7, 'FSP napajanje HYDRO PTM 650W - HPT650M', 'Nihil labore et in sit et. Sunt laborum voluptatem laborum aut consequatur. Aut beatae sit eos.', 'https://img.gigatron.rs/img/products/large/FSP-napajanje-HYDRO-PTM-650W-HPT650M-62.png', 45, '12154.11', '2021-07-31 12:17:56', '2021-07-31 12:17:56'),
(31, 8, 'NZXT Vodeno procesorsko hlaenje Kraken Z63 - RL-KRZ63-01', 'Error fuga nihil ipsum deleniti. Nobis est magni reprehenderit. Et repudiandae sit aperiam.', 'https://img.gigatron.rs/img/products/large/image5e7b796a12cfa.png', 75, '75904.67', '2021-07-31 12:17:56', '2021-07-31 12:17:56'),
(32, 8, 'GIGABYTE Vodeno procesorsko hlaenje AORUS WATERFORCE 240', 'Et optio est dolorum officia nihil rerum qui quia. Enim quia nam asperiores aliquid.', 'https://img.gigatron.rs/img/products/large/GIGABYTE-Vodeno-procesorsko-hlaenje-AORUS-WATERFORCE-240-26.png', 34, '66137.49', '2021-07-31 12:17:56', '2021-07-31 12:17:56'),
(33, 8, 'THERMALTAKE Vodeno procesorsko hlaanje 3.0 Riing RGB 360 CL-W108-PL12SW-A', 'Est natus earum iure iusto quia atque incidunt. Aliquam sunt dolores rem distinctio.', 'https://img.gigatron.rs/img/products/large/THERMALTAKE-Vodeno-procesorsko-hlaanje-3.0-Riing-RGB-360-CL-W108-PL12SW-A-14.png', 62, '69601.93', '2021-07-31 12:17:56', '2021-07-31 12:17:56'),
(34, 8, 'MSI Vodeno procesorsko hlaenje MAG CORELIQUID 280R', 'Eos voluptates aut voluptatem quae id. Aspernatur qui voluptatum error magnam.', 'https://img.gigatron.rs/img/products/large/MSI-Vodeno-procesorsko-hlaenje-MAG-CORELIQUID-280R-36.png', 21, '10658.06', '2021-07-31 12:17:56', '2021-10-16 02:20:02'),
(35, 8, 'GIGABYTE Procesorski hladnjak AORUS ATC800', 'Quo eum ipsam eveniet praesentium neque. Quia maiores voluptas vero accusamus.', 'https://img.gigatron.rs/img/products/large/GIGABYTE-Procesorski-hladnjak-AORUS-ATC800-.png', 19, '42060.01', '2021-07-31 12:17:56', '2021-07-31 12:17:56'),
(36, 9, 'ASUS ROG Crosshair VIII Hero (Wi-Fi)', 'Et minima ipsa eum sit suscipit et. Aut omnis harum quia. Eum sint deserunt itaque enim rerum.', 'https://img.gigatron.rs/img/products/large/image5da70d65a8cfc.png', 77, '9980.40', '2021-07-31 12:17:56', '2021-07-31 12:17:56'),
(37, 9, 'GIGABYTE Z590 AORUS MASTER (rev. 1.0)', 'Qui hic odio id magnam fuga. Dolores eum inventore labore fuga.', 'https://img.gigatron.rs/img/products/large/GIGABYTE-Z590-AORUS-MASTER-(rev.-1.0)-47.png', 82, '27272.83', '2021-07-31 12:17:56', '2021-07-31 12:17:56'),
(38, 9, 'ASUS ROG STRIX Z590-E GAMING WIFI', 'Quaerat dolorem recusandae qui eos doloribus tempore. Eum qui voluptatem non provident repellendus.', 'https://img.gigatron.rs/img/products/large/ASUS-ROG-STRIX-Z590-E-GAMING-WIFI-9.png', 73, '91166.14', '2021-07-31 12:17:56', '2021-07-31 12:17:56'),
(39, 9, 'ASRock B550 TAICHI RAZER EDITION', 'Animi aut quaerat fuga nesciunt repellendus voluptatem. Temporibus nam quia quo voluptatem qui ut.', 'https://img.gigatron.rs/img/products/large/ASRock-B550-TAICHI-RAZER-EDITION-5.png', 52, '61109.38', '2021-07-31 12:17:56', '2021-07-31 12:17:56'),
(40, 9, 'ASUS ROG STRIX Z590-A GAMING WIFI', 'Qui officiis voluptatem rerum est et. Est assumenda delectus a iure. Porro qui pariatur rerum.', 'https://img.gigatron.rs/img/products/large/image611a4ea8069a5.png', 93, '45403.85', '2021-07-31 12:17:56', '2021-07-31 12:17:56'),
(41, 10, 'KINGSTON Renegade RGB 128GB (4 x 32GB) DDR4 3600MHz CL18 KF436C18RBAK4 128', 'Praesentium ea minus quaerat. Facilis tenetur eos delectus.', 'https://img.gigatron.rs/img/products/large/ktc-product-memory-beast-ddr4-rgb-kit4-1-zm-lg-min-86.png', 35, '25388.34', '2021-07-31 12:17:56', '2021-07-31 12:17:56'),
(42, 10, 'KINGSTON Beast RGB 128GB (4 x 32GB) DDR4 3600MHz CL18 KF436C18BBAK4 128', 'Quas debitis minus libero. Corrupti eos est enim esse aut consectetur quod.', 'https://img.gigatron.rs/img/products/large/ktc-product-memory-beast-ddr4-rgb-kit4-1-zm-lg-min-86.png', 46, '86651.61', '2021-07-31 12:17:56', '2021-07-31 12:17:56'),
(43, 10, 'KINGSTON Renegade 128GB (4 x 32GB) DDR4 3600MHz CL18 KF436C18RBK4 128', 'Aspernatur quia porro consequatur qui voluptatem minus quas. Et distinctio ullam harum dolor.', 'https://img.gigatron.rs/img/products/large/ktc-renegade-ddr4-dimm-4-angled-kit-of-4-zm-lg-min-62.png', 32, '24536.87', '2021-07-31 12:17:56', '2021-07-31 12:17:56'),
(44, 10, 'KINGSTON HyperX Predator 64GB (2 x 32GB) DDR4 3600MHz CL18 - HX436C18PB3K2/64', 'Ipsam sunt iste voluptates. Ullam voluptatem autem eveniet et reiciendis commodi quisquam.', 'https://img.gigatron.rs/img/products/large/image5f05b29162afa.png', 17, '58825.60', '2021-07-31 12:17:56', '2021-07-31 12:17:56'),
(45, 10, 'KINGSTON HyperX Predator 64GB (2 x 32GB) DDR4 3200MHz CL16 - HX432C16PB3K2/64', 'Nam aperiam cum et. Eum architecto placeat sit voluptatem.', 'https://img.gigatron.rs/img/products/large/image5f05b0f813492.png', 39, '53383.67', '2021-07-31 12:17:56', '2021-07-31 12:17:56'),
(46, 11, 'WD Black SN850 SSD 2TB M.2 PCIe NVMe WDS200T1X0E', 'Voluptatem voluptas nemo quo distinctio sed. Amet voluptatibus nostrum enim molestiae.', 'https://img.gigatron.rs/img/products/large/3-min-57.png', 100, '33800.36', '2021-07-31 12:17:56', '2021-07-31 12:17:56'),
(47, 11, 'TRANSCEND SSD 2TB, SATA III, SSD230S - TS2TSSD230S', 'Repellendus quaerat qui ad et. Consequatur magnam totam quisquam alias. Ut sint aliquam aut minus.', 'https://img.gigatron.rs/img/products/large/image5dbad8a968e3e.png', 72, '41573.97', '2021-07-31 12:17:56', '2021-07-31 12:17:56'),
(48, 11, 'KINGSTON SSD KC600 serija - SKC600/2048G', 'Illum quas quia qui qui ut quam. Et omnis beatae fuga quo fugit.', 'https://img.gigatron.rs/img/products/large/image5ef499b3936e2.png', 62, '87960.40', '2021-07-31 12:17:56', '2021-07-31 12:17:56'),
(49, 11, 'A-DATA SSD XPG GAMMIX S11 PRO 2TB M.2 2280 PCIe Gen3x4 - AGAMMIXS11P-2TT-C', 'Nam maxime qui autem. Earum et velit vero enim exercitationem.', 'https://img.gigatron.rs/img/products/large/image5f042c306c2ee.png', 16, '28335.85', '2021-07-31 12:17:56', '2021-07-31 12:17:56'),
(50, 11, 'SAMSUNG SSD 2TB 870 QVO 2.5\" SATA III - MZ-77Q2T0BW', 'Autem iusto rerum dolorem consequatur. Est dolorem distinctio ut officiis.', 'https://img.gigatron.rs/img/products/large/6c88f1536ba8b74ac4ead55d7ef6f87b.png', 9, '11058.67', '2021-07-31 12:17:56', '2021-07-31 12:17:56'),
(51, 11, 'SAMSUNG SSD 1TB 980 PRO NVMe M.2 MZ-V8P1T0BW/', 'Est esse autem deserunt illo. Et non quae reiciendis in. Sed omnis est beatae minima.', 'https://img.gigatron.rs/img/products/large/SAMSUNG-SSD-1TB-980-PRO-NVMe-M.2-MZ-V8P1T0BW-0.png', 52, '12752.16', '2021-07-31 12:31:09', '2021-07-31 12:31:09'),
(52, 11, 'TRANSCEND SSD 2TB SATA III - TS2TSSD220Q', 'Distinctio fugiat dolor quas sed voluptatibus. Quia doloribus temporibus libero.', 'https://img.gigatron.rs/img/products/large/TRANSCEND-SSD-2TB-SATA-III-TS2TSSD220Q-8.png', 79, '16533.24', '2021-07-31 12:31:09', '2021-07-31 12:31:09'),
(53, 11, 'KINGSTON KC600 series SSD 2.5\" 1024GB, SATA III - SKC600/1024G', 'Autem non voluptatum debitis in. Error pariatur omnis sit officiis. Sed alias cupiditate sint quia.', 'https://img.gigatron.rs/img/products/large/image5df7a3007b7c8.png', 49, '44124.32', '2021-07-31 12:31:09', '2021-10-16 02:20:02'),
(54, 2, 'LOGITECH G703 LIGHTSPEED', 'Eos recusandae et eos. Inventore optio voluptas sunt. Rerum dolor magnam et non sit nisi.', 'https://img.gigatron.rs/img/products/large/image5d4adf0fcc37a.png', 48, '3673.41', '2021-07-31 12:31:26', '2021-07-31 12:31:26'),
(55, 2, 'ASUS ROG Gladius III Wireless 90MP0200-BMUA00', 'Id aperiam sed deleniti eaque. Optio in delectus eligendi in. Quibusdam quae fuga quae.', 'https://img.gigatron.rs/img/products/large/ASUS-Beini-gejmerski-mi-ROG-Gladius-III-90MP0200-BMUA00-78.png', 71, '78167.88', '2021-07-31 12:31:26', '2021-10-16 02:20:02'),
(56, 2, 'RAZER OROCHI V2', 'Animi impedit quo possimus dolor ad corrupti eveniet. Dolorem voluptas autem incidunt aliquid.', 'https://img.gigatron.rs/img/products/large/RAZER-Beini-gejmerski-mi-OROCHI-V2-(Crni)-RZ01-03730100-R3G1-59.png', 25, '45446.31', '2021-07-31 12:31:26', '2021-07-31 12:31:26'),
(57, 9, 'ASUS X570 ATX ROG Strix X570-F GAMING', 'Consequatur quo dolorem quidem repellat sed. A animi earum expedita. Ipsa voluptates eaque dolore.', 'https://img.gigatron.rs/img/products/large/image5d25c5405644a.png', 41, '70439.19', '2021-07-31 12:31:40', '2021-07-31 12:31:40'),
(58, 9, 'MSI MPG Z590 GAMING FORCE', 'Et necessitatibus delectus exercitationem fugiat. Totam facere sit assumenda omnis.', 'https://img.gigatron.rs/img/products/large/MSI-MPG-Z590-GAMING-FORCE-77.png', 115, '40990.91', '2021-07-31 12:31:40', '2021-10-16 03:07:26'),
(59, 9, 'GIGABYTE Z490I AORUS ULTRA (rev. 1.x)', 'Velit similique qui aut eos et dignissimos. Dignissimos rerum eos cum.', 'https://img.gigatron.rs/img/products/large/GIGABYTE-Z490I-AORUS-ULTRA-(rev.-1.x)--60.png', 95, '74644.32', '2021-07-31 12:31:40', '2021-07-31 12:31:40'),
(60, 9, 'GIGABYTE Z590 AORUS ELITE AX (rev. 1.0)', 'Qui quam et et praesentium. Aut eligendi voluptatibus molestias.', 'https://img.gigatron.rs/img/products/large/GIGABYTE-Z590-AORUS-ELITE-AX-(rev.-1.0)-25.png', 46, '70894.45', '2021-07-31 12:31:40', '2021-07-31 12:31:40'),
(61, 9, 'ASUS PRIME Z590-A', 'Ab magni voluptas saepe ad reiciendis. Qui eius facere quisquam assumenda dolor fugiat.', 'https://img.gigatron.rs/img/products/large/ASUS-PRIME-Z590-A-.png', 91, '27523.39', '2021-07-31 12:31:40', '2021-07-31 12:31:40'),
(66, 2, 'LOGITECH G102 LIGHTSYNC', 'Mis Logitech Veoma kul mis', 'https://img.gigatron.rs/img/products/large/image5ef470f8be4a7.png', 295, '3500.00', '2021-10-14 21:45:55', '2021-10-16 03:07:26');

-- --------------------------------------------------------

--
-- Table structure for table `product_carts`
--

CREATE TABLE `product_carts` (
  `id` bigint(20) UNSIGNED NOT NULL,
  `product_id` bigint(20) UNSIGNED NOT NULL,
  `cart_id` bigint(20) UNSIGNED NOT NULL,
  `count` int(11) NOT NULL,
  `created_at` timestamp NULL DEFAULT NULL,
  `updated_at` timestamp NULL DEFAULT NULL
) ENGINE=InnoDB DEFAULT CHARSET=utf8mb4 COLLATE=utf8mb4_unicode_ci;

--
-- Dumping data for table `product_carts`
--

INSERT INTO `product_carts` (`id`, `product_id`, `cart_id`, `count`, `created_at`, `updated_at`) VALUES
(34, 61, 3, 1, '2021-10-12 23:44:41', '2021-10-12 23:44:41');

-- --------------------------------------------------------

--
-- Table structure for table `ratings`
--

CREATE TABLE `ratings` (
  `id` bigint(20) UNSIGNED NOT NULL,
  `product_id` bigint(20) UNSIGNED NOT NULL,
  `user_id` bigint(20) UNSIGNED NOT NULL,
  `rating` int(11) NOT NULL,
  `created_at` timestamp NULL DEFAULT NULL,
  `updated_at` timestamp NULL DEFAULT NULL
) ENGINE=InnoDB DEFAULT CHARSET=utf8mb4 COLLATE=utf8mb4_unicode_ci;

--
-- Dumping data for table `ratings`
--

INSERT INTO `ratings` (`id`, `product_id`, `user_id`, `rating`, `created_at`, `updated_at`) VALUES
(1, 37, 3, 4, '2021-09-30 16:29:14', '2021-09-30 16:29:14'),
(2, 22, 9, 3, '2021-09-30 16:29:14', '2021-09-30 16:29:14'),
(3, 38, 2, 8, '2021-09-30 16:29:14', '2021-09-30 16:29:14'),
(4, 22, 2, 10, '2021-09-30 16:29:14', '2021-09-30 16:29:14'),
(5, 2, 3, 1, '2021-09-30 16:29:14', '2021-09-30 16:29:14'),
(6, 8, 6, 7, '2021-09-30 16:29:14', '2021-09-30 16:29:14'),
(7, 52, 2, 8, '2021-09-30 16:29:14', '2021-09-30 16:29:14'),
(8, 19, 1, 4, '2021-09-30 16:29:14', '2021-09-30 16:29:14'),
(9, 21, 7, 6, '2021-09-30 16:29:14', '2021-09-30 16:29:14'),
(10, 17, 7, 1, '2021-09-30 16:29:14', '2021-09-30 16:29:14'),
(11, 16, 7, 10, '2021-09-30 16:29:14', '2021-09-30 16:29:14'),
(12, 48, 9, 4, '2021-09-30 16:29:14', '2021-09-30 16:29:14'),
(13, 61, 2, 4, '2021-09-30 16:29:14', '2021-09-30 16:29:14'),
(14, 6, 5, 1, '2021-09-30 16:29:14', '2021-09-30 16:29:14'),
(15, 50, 10, 8, '2021-09-30 16:29:14', '2021-09-30 16:29:14'),
(16, 54, 5, 4, '2021-09-30 16:29:14', '2021-09-30 16:29:14'),
(18, 37, 5, 8, '2021-09-30 16:29:14', '2021-09-30 16:29:14'),
(19, 37, 7, 2, '2021-09-30 16:29:14', '2021-09-30 16:29:14'),
(20, 38, 10, 1, '2021-09-30 16:29:14', '2021-09-30 16:29:14'),
(21, 55, 8, 10, '2021-09-30 16:29:14', '2021-09-30 16:29:14'),
(22, 19, 2, 5, '2021-09-30 16:29:14', '2021-09-30 16:29:14'),
(23, 53, 7, 9, '2021-09-30 16:29:14', '2021-09-30 16:29:14'),
(24, 4, 7, 3, '2021-09-30 16:29:14', '2021-09-30 16:29:14'),
(25, 13, 10, 9, '2021-09-30 16:29:14', '2021-09-30 16:29:14'),
(26, 44, 4, 2, '2021-09-30 16:29:14', '2021-09-30 16:29:14'),
(27, 9, 9, 1, '2021-09-30 16:29:14', '2021-09-30 16:29:14'),
(28, 10, 8, 1, '2021-09-30 16:29:14', '2021-09-30 16:29:14'),
(29, 3, 10, 5, '2021-09-30 16:29:14', '2021-09-30 16:29:14'),
(30, 1, 2, 3, '2021-09-30 16:29:14', '2021-09-30 16:29:14'),
(31, 39, 9, 2, '2021-09-30 16:29:15', '2021-09-30 16:29:15'),
(32, 35, 7, 6, '2021-09-30 16:29:15', '2021-09-30 16:29:15'),
(33, 49, 2, 7, '2021-09-30 16:29:15', '2021-09-30 16:29:15'),
(34, 2, 8, 8, '2021-09-30 16:29:15', '2021-09-30 16:29:15'),
(35, 50, 10, 7, '2021-09-30 16:29:15', '2021-09-30 16:29:15'),
(36, 40, 5, 6, '2021-09-30 16:29:15', '2021-09-30 16:29:15'),
(37, 2, 10, 1, '2021-09-30 16:29:15', '2021-09-30 16:29:15'),
(38, 3, 5, 2, '2021-09-30 16:29:15', '2021-09-30 16:29:15'),
(39, 46, 7, 8, '2021-09-30 16:29:15', '2021-09-30 16:29:15'),
(40, 58, 8, 5, '2021-09-30 16:29:15', '2021-09-30 16:29:15'),
(41, 44, 5, 7, '2021-09-30 16:29:15', '2021-09-30 16:29:15'),
(42, 7, 6, 1, '2021-09-30 16:29:15', '2021-09-30 16:29:15'),
(43, 13, 6, 7, '2021-09-30 16:29:15', '2021-09-30 16:29:15'),
(44, 48, 10, 8, '2021-09-30 16:29:15', '2021-09-30 16:29:15'),
(45, 43, 8, 6, '2021-09-30 16:29:15', '2021-09-30 16:29:15'),
(46, 8, 1, 3, '2021-09-30 16:29:15', '2021-09-30 16:29:15'),
(47, 27, 6, 10, '2021-09-30 16:29:15', '2021-09-30 16:29:15'),
(48, 33, 4, 7, '2021-09-30 16:29:15', '2021-09-30 16:29:15'),
(49, 55, 10, 5, '2021-09-30 16:29:15', '2021-09-30 16:29:15'),
(50, 46, 6, 7, '2021-09-30 16:29:15', '2021-09-30 16:29:15'),
(56, 1, 1, 6, '2021-10-10 01:02:17', '2021-10-10 01:23:33'),
(57, 4, 1, 7, '2021-10-10 01:25:25', '2021-10-10 01:25:25'),
(58, 39, 1, 6, '2021-10-12 15:03:22', '2021-10-12 15:03:22'),
(60, 60, 1, 7, '2021-10-15 20:21:59', '2021-10-15 20:21:59'),
(61, 66, 1, 4, '2021-10-15 23:30:49', '2021-10-15 23:30:49');

-- --------------------------------------------------------

--
-- Table structure for table `users`
--

CREATE TABLE `users` (
  `id` bigint(20) UNSIGNED NOT NULL,
  `first_name` varchar(50) COLLATE utf8mb4_unicode_ci NOT NULL,
  `last_name` varchar(50) COLLATE utf8mb4_unicode_ci NOT NULL,
  `username` varchar(30) COLLATE utf8mb4_unicode_ci NOT NULL,
  `img` varchar(100) COLLATE utf8mb4_unicode_ci DEFAULT NULL,
  `email` varchar(255) COLLATE utf8mb4_unicode_ci NOT NULL,
  `email_verified_at` timestamp NULL DEFAULT NULL,
  `password` varchar(255) COLLATE utf8mb4_unicode_ci NOT NULL,
  `remember_token` varchar(100) COLLATE utf8mb4_unicode_ci DEFAULT NULL,
  `created_at` timestamp NULL DEFAULT NULL,
  `updated_at` timestamp NULL DEFAULT NULL,
  `is_admin` tinyint(1) NOT NULL DEFAULT 0
) ENGINE=InnoDB DEFAULT CHARSET=utf8mb4 COLLATE=utf8mb4_unicode_ci;

--
-- Dumping data for table `users`
--

INSERT INTO `users` (`id`, `first_name`, `last_name`, `username`, `img`, `email`, `email_verified_at`, `password`, `remember_token`, `created_at`, `updated_at`, `is_admin`) VALUES
(1, 'Dragoslav', 'Jankovic', 'GaGiiiii', 'GaGiiiii_15102021_2250.png', 'dragoslav.gagi8@gmail.com', '2021-09-30 16:26:09', '$2y$10$R60grxXuzkHM0H2/D3wO9e89tkud7AxvVuZzrh.nOwpSZcY9.dGe6', '09SypW7aBr9TDtcOb5dChw77k4yPe9JV7bWpPRsTg6sicshyg6buQSjbyIQ0', '2021-09-30 16:26:12', '2021-10-15 20:28:23', 1),
(2, 'Natasha', 'Senger', 'mcollier', NULL, 'kariane.ryan@example.org', '2021-09-30 16:26:09', '$2y$10$92IXUNpkjO0rOQ5byMi.Ye4oKoEa3Ro9llC/.og/at2.uheWG/igi', 'ioCAGgWIlR', '2021-09-30 16:26:12', '2021-09-30 16:26:12', 0),
(3, 'Garett', 'Strosin', 'nikolaus.laney', NULL, 'sgottlieb@example.org', '2021-09-30 16:26:10', '$2y$10$92IXUNpkjO0rOQ5byMi.Ye4oKoEa3Ro9llC/.og/at2.uheWG/igi', 'unCnh6SXWz', '2021-09-30 16:26:12', '2021-09-30 16:26:12', 0),
(4, 'Peter', 'Brekke', 'hunter49', NULL, 'vdare@example.com', '2021-09-30 16:26:10', '$2y$10$92IXUNpkjO0rOQ5byMi.Ye4oKoEa3Ro9llC/.og/at2.uheWG/igi', 'G4lD7a1Nsq', '2021-09-30 16:26:12', '2021-09-30 16:26:12', 0),
(5, 'Courtney', 'Mayer', 'nkassulke', NULL, 'rodriguez.carrie@example.net', '2021-09-30 16:26:10', '$2y$10$92IXUNpkjO0rOQ5byMi.Ye4oKoEa3Ro9llC/.og/at2.uheWG/igi', 'j6gW4nwPSD', '2021-09-30 16:26:12', '2021-09-30 16:26:12', 0),
(6, 'Rollin', 'Runte', 'wolff.amina', NULL, 'imani58@example.com', '2021-09-30 16:26:10', '$2y$10$92IXUNpkjO0rOQ5byMi.Ye4oKoEa3Ro9llC/.og/at2.uheWG/igi', 'M0H6KS565L', '2021-09-30 16:26:12', '2021-09-30 16:26:12', 0),
(7, 'Monserrate', 'Maggio', 'urunte', NULL, 'theron10@example.net', '2021-09-30 16:26:11', '$2y$10$92IXUNpkjO0rOQ5byMi.Ye4oKoEa3Ro9llC/.og/at2.uheWG/igi', 'LfZSv968IL', '2021-09-30 16:26:12', '2021-09-30 16:26:12', 0),
(8, 'Chaz', 'Cole', 'wisoky.ashley', NULL, 'brielle.west@example.org', '2021-09-30 16:26:11', '$2y$10$92IXUNpkjO0rOQ5byMi.Ye4oKoEa3Ro9llC/.og/at2.uheWG/igi', 'ZUEeKEsAEZ', '2021-09-30 16:26:12', '2021-09-30 16:26:12', 0),
(9, 'Edward', 'Kilback', 'george.kautzer', NULL, 'mauer@example.org', '2021-09-30 16:26:11', '$2y$10$92IXUNpkjO0rOQ5byMi.Ye4oKoEa3Ro9llC/.og/at2.uheWG/igi', 'pWj28WwSXz', '2021-09-30 16:26:12', '2021-09-30 16:26:12', 0),
(10, 'Nicolas', 'Hintz', 'melyssa.nienow', NULL, 'nsatterfield@example.org', '2021-09-30 16:26:11', '$2y$10$92IXUNpkjO0rOQ5byMi.Ye4oKoEa3Ro9llC/.og/at2.uheWG/igi', '6N44fbFx3d', '2021-09-30 16:26:12', '2021-09-30 16:26:12', 0),
(13, 'Mateja', 'Ivanovic', 'Matica', NULL, 'mata@mata.com', NULL, '$2y$10$tCIaoJUg6jhtJLSVfl//9e/S2Gq/R3pznVEdnjKZXKoqKnXtKKVNS', NULL, '2021-10-12 23:44:05', '2021-10-12 23:44:05', 0),
(14, 'Petar', 'Janjusevic', 'Pera_PJ', 'Pera_PJ_13102021_0121.jpg', 'pera@pera.com', NULL, '$2y$10$6zDEjND8fKQ/UQgUGYn90urR5ZI2fMNyffeQu.MuNdwx94GOf66Im', NULL, '2021-10-12 23:52:21', '2021-10-12 23:52:21', 0);

--
-- Indexes for dumped tables
--

--
-- Indexes for table `carts`
--
ALTER TABLE `carts`
  ADD PRIMARY KEY (`id`);

--
-- Indexes for table `categories`
--
ALTER TABLE `categories`
  ADD PRIMARY KEY (`id`);

--
-- Indexes for table `comments`
--
ALTER TABLE `comments`
  ADD PRIMARY KEY (`id`),
  ADD KEY `comments_user_id_foreign` (`user_id`),
  ADD KEY `comments_product_id_foreign` (`product_id`);

--
-- Indexes for table `failed_jobs`
--
ALTER TABLE `failed_jobs`
  ADD PRIMARY KEY (`id`),
  ADD UNIQUE KEY `failed_jobs_uuid_unique` (`uuid`);

--
-- Indexes for table `migrations`
--
ALTER TABLE `migrations`
  ADD PRIMARY KEY (`id`);

--
-- Indexes for table `password_resets`
--
ALTER TABLE `password_resets`
  ADD KEY `password_resets_email_index` (`email`);

--
-- Indexes for table `payments`
--
ALTER TABLE `payments`
  ADD PRIMARY KEY (`id`),
  ADD KEY `payments_user_id_foreign` (`user_id`);

--
-- Indexes for table `payment_products`
--
ALTER TABLE `payment_products`
  ADD PRIMARY KEY (`id`),
  ADD KEY `payment_products_payment_id_foreign` (`payment_id`),
  ADD KEY `payment_products_product_id_foreign` (`product_id`);

--
-- Indexes for table `personal_access_tokens`
--
ALTER TABLE `personal_access_tokens`
  ADD PRIMARY KEY (`id`),
  ADD UNIQUE KEY `personal_access_tokens_token_unique` (`token`),
  ADD KEY `personal_access_tokens_tokenable_type_tokenable_id_index` (`tokenable_type`,`tokenable_id`);

--
-- Indexes for table `products`
--
ALTER TABLE `products`
  ADD PRIMARY KEY (`id`),
  ADD KEY `products_category_id_foreign` (`category_id`);

--
-- Indexes for table `product_carts`
--
ALTER TABLE `product_carts`
  ADD PRIMARY KEY (`id`),
  ADD KEY `product_carts_cart_id_foreign` (`cart_id`),
  ADD KEY `product_carts_product_id_foreign` (`product_id`);

--
-- Indexes for table `ratings`
--
ALTER TABLE `ratings`
  ADD PRIMARY KEY (`id`),
  ADD KEY `ratings_user_id_foreign` (`user_id`),
  ADD KEY `ratings_product_id_foreign` (`product_id`);

--
-- Indexes for table `users`
--
ALTER TABLE `users`
  ADD PRIMARY KEY (`id`),
  ADD UNIQUE KEY `users_email_unique` (`email`);

--
-- AUTO_INCREMENT for dumped tables
--

--
-- AUTO_INCREMENT for table `carts`
--
ALTER TABLE `carts`
  MODIFY `id` bigint(20) UNSIGNED NOT NULL AUTO_INCREMENT, AUTO_INCREMENT=5;

--
-- AUTO_INCREMENT for table `categories`
--
ALTER TABLE `categories`
  MODIFY `id` bigint(20) UNSIGNED NOT NULL AUTO_INCREMENT, AUTO_INCREMENT=23;

--
-- AUTO_INCREMENT for table `comments`
--
ALTER TABLE `comments`
  MODIFY `id` bigint(20) UNSIGNED NOT NULL AUTO_INCREMENT, AUTO_INCREMENT=232;

--
-- AUTO_INCREMENT for table `failed_jobs`
--
ALTER TABLE `failed_jobs`
  MODIFY `id` bigint(20) UNSIGNED NOT NULL AUTO_INCREMENT;

--
-- AUTO_INCREMENT for table `migrations`
--
ALTER TABLE `migrations`
  MODIFY `id` int(10) UNSIGNED NOT NULL AUTO_INCREMENT, AUTO_INCREMENT=17;

--
-- AUTO_INCREMENT for table `payments`
--
ALTER TABLE `payments`
  MODIFY `id` bigint(20) UNSIGNED NOT NULL AUTO_INCREMENT, AUTO_INCREMENT=72;

--
-- AUTO_INCREMENT for table `payment_products`
--
ALTER TABLE `payment_products`
  MODIFY `id` bigint(20) UNSIGNED NOT NULL AUTO_INCREMENT, AUTO_INCREMENT=97;

--
-- AUTO_INCREMENT for table `personal_access_tokens`
--
ALTER TABLE `personal_access_tokens`
  MODIFY `id` bigint(20) UNSIGNED NOT NULL AUTO_INCREMENT, AUTO_INCREMENT=59;

--
-- AUTO_INCREMENT for table `products`
--
ALTER TABLE `products`
  MODIFY `id` bigint(20) UNSIGNED NOT NULL AUTO_INCREMENT, AUTO_INCREMENT=74;

--
-- AUTO_INCREMENT for table `product_carts`
--
ALTER TABLE `product_carts`
  MODIFY `id` bigint(20) UNSIGNED NOT NULL AUTO_INCREMENT, AUTO_INCREMENT=66;

--
-- AUTO_INCREMENT for table `ratings`
--
ALTER TABLE `ratings`
  MODIFY `id` bigint(20) UNSIGNED NOT NULL AUTO_INCREMENT, AUTO_INCREMENT=62;

--
-- AUTO_INCREMENT for table `users`
--
ALTER TABLE `users`
  MODIFY `id` bigint(20) UNSIGNED NOT NULL AUTO_INCREMENT, AUTO_INCREMENT=15;

--
-- Constraints for dumped tables
--

--
-- Constraints for table `comments`
--
ALTER TABLE `comments`
  ADD CONSTRAINT `comments_product_id_foreign` FOREIGN KEY (`product_id`) REFERENCES `products` (`id`) ON DELETE CASCADE,
  ADD CONSTRAINT `comments_user_id_foreign` FOREIGN KEY (`user_id`) REFERENCES `users` (`id`) ON DELETE CASCADE;

--
-- Constraints for table `payments`
--
ALTER TABLE `payments`
  ADD CONSTRAINT `payments_user_id_foreign` FOREIGN KEY (`user_id`) REFERENCES `users` (`id`) ON DELETE CASCADE;

--
-- Constraints for table `payment_products`
--
ALTER TABLE `payment_products`
  ADD CONSTRAINT `payment_products_payment_id_foreign` FOREIGN KEY (`payment_id`) REFERENCES `payments` (`id`) ON DELETE CASCADE,
  ADD CONSTRAINT `payment_products_product_id_foreign` FOREIGN KEY (`product_id`) REFERENCES `products` (`id`) ON DELETE CASCADE;

--
-- Constraints for table `products`
--
ALTER TABLE `products`
  ADD CONSTRAINT `products_category_id_foreign` FOREIGN KEY (`category_id`) REFERENCES `categories` (`id`) ON DELETE CASCADE;

--
-- Constraints for table `product_carts`
--
ALTER TABLE `product_carts`
  ADD CONSTRAINT `product_carts_cart_id_foreign` FOREIGN KEY (`cart_id`) REFERENCES `carts` (`id`) ON DELETE CASCADE,
  ADD CONSTRAINT `product_carts_product_id_foreign` FOREIGN KEY (`product_id`) REFERENCES `products` (`id`) ON DELETE CASCADE;

--
-- Constraints for table `ratings`
--
ALTER TABLE `ratings`
  ADD CONSTRAINT `ratings_product_id_foreign` FOREIGN KEY (`product_id`) REFERENCES `products` (`id`) ON DELETE CASCADE,
  ADD CONSTRAINT `ratings_user_id_foreign` FOREIGN KEY (`user_id`) REFERENCES `users` (`id`) ON DELETE CASCADE;
COMMIT;

/*!40101 SET CHARACTER_SET_CLIENT=@OLD_CHARACTER_SET_CLIENT */;
/*!40101 SET CHARACTER_SET_RESULTS=@OLD_CHARACTER_SET_RESULTS */;
/*!40101 SET COLLATION_CONNECTION=@OLD_COLLATION_CONNECTION */;
